target,horizon,model,product,vol_gate_q,fold,n_train,n_test,ic,median_edge_excess_half_spread,frac_edge_clears_half_spread,passed_gate
fwd_ret,50,ridge,ROBOT_DISHES,5,D2->D3,9851,9851,-0.032534526952916844,-1.384921332155792,0.2795655263425033,False
fwd_ret,50,ridge,ROBOT_DISHES,5,D2+D3->D4,19702,9851,-0.011898597786040816,-2.1241856278608076,0.1540960308598112,False
fwd_ret,50,ridge,ROBOT_DISHES,5,LOO_D2,19702,9851,-0.06072697904135918,,,False
fwd_ret,50,ridge,ROBOT_DISHES,5,LOO_D3,19702,9851,0.048746965178778745,,,False
fwd_ret,50,ridge,ROBOT_DISHES,5,LOO_D4,19702,9851,-0.011898597786040816,,,False
fwd_ret,50,lgbm,ROBOT_DISHES,5,D2->D3,9851,9851,-0.011075134119063388,3.680169098334389,0.745711095320272,False
fwd_ret,50,lgbm,ROBOT_DISHES,5,D2+D3->D4,19702,9851,-0.13262419369667003,3.1304335438563697,0.7073393564105167,False
fwd_ret,50,lgbm,ROBOT_DISHES,5,LOO_D2,19702,9851,-0.0708577278697508,,,False
fwd_ret,50,lgbm,ROBOT_DISHES,5,LOO_D3,19702,9851,-0.022277625948134244,,,False
fwd_ret,50,lgbm,ROBOT_DISHES,5,LOO_D4,19702,9851,-0.13262419369667003,,,False
fwd_ret,100,ridge,ROBOT_DISHES,5,D2->D3,9801,9801,-0.041450380056914364,0.300070417404521,0.5306601367207427,False
fwd_ret,100,ridge,ROBOT_DISHES,5,D2+D3->D4,19602,9801,0.036161645533119506,-1.0016604846468025,0.3720028568513417,False
fwd_ret,100,ridge,ROBOT_DISHES,5,LOO_D2,19602,9801,-0.07932900146589116,,,False
fwd_ret,100,ridge,ROBOT_DISHES,5,LOO_D3,19602,9801,0.12134454696672453,,,False
fwd_ret,100,ridge,ROBOT_DISHES,5,LOO_D4,19602,9801,0.036161645533119506,,,False
fwd_ret,100,lgbm,ROBOT_DISHES,5,D2->D3,9801,9801,-0.044948711795563555,10.086853392802825,0.8596061626364657,False
fwd_ret,100,lgbm,ROBOT_DISHES,5,D2+D3->D4,19602,9801,-0.12458043396753188,7.417984389178951,0.8175696357514539,False
fwd_ret,100,lgbm,ROBOT_DISHES,5,LOO_D2,19602,9801,-0.1299850434301618,,,False
fwd_ret,100,lgbm,ROBOT_DISHES,5,LOO_D3,19602,9801,-0.03653920647300146,,,False
fwd_ret,100,lgbm,ROBOT_DISHES,5,LOO_D4,19602,9801,-0.12458043396753188,,,False
fwd_ret,50,ridge,ROBOT_IRONING,5,D2->D3,9851,9851,0.07653090738240188,0.20425990541543726,0.5306060298446859,False
fwd_ret,50,ridge,ROBOT_IRONING,5,D2+D3->D4,19702,9851,-0.024299000247851685,2.3993685577555537,0.7811389706628769,False
fwd_ret,50,ridge,ROBOT_IRONING,5,LOO_D2,19702,9851,0.00704601618725173,,,False
fwd_ret,50,ridge,ROBOT_IRONING,5,LOO_D3,19702,9851,0.009412626594754371,,,False
fwd_ret,50,ridge,ROBOT_IRONING,5,LOO_D4,19702,9851,-0.024299000247851685,,,False
fwd_ret,50,lgbm,ROBOT_IRONING,5,D2->D3,9851,9851,0.036147839208376664,6.039687364446582,0.8178865089838595,False
fwd_ret,50,lgbm,ROBOT_IRONING,5,D2+D3->D4,19702,9851,0.08025113129894144,3.958989926503377,0.7648969647751497,False
fwd_ret,50,lgbm,ROBOT_IRONING,5,LOO_D2,19702,9851,-0.013252638863552064,,,False
fwd_ret,50,lgbm,ROBOT_IRONING,5,LOO_D3,19702,9851,0.03643416409463568,,,False
fwd_ret,50,lgbm,ROBOT_IRONING,5,LOO_D4,19702,9851,0.08025113129894144,,,False
fwd_ret,100,ridge,ROBOT_IRONING,5,D2->D3,9801,9801,0.09229752143596959,2.858345273273005,0.7448219569431691,False
fwd_ret,100,ridge,ROBOT_IRONING,5,D2+D3->D4,19602,9801,-0.04467385207798898,7.425144437264354,0.9153147637996123,False
fwd_ret,100,ridge,ROBOT_IRONING,5,LOO_D2,19602,9801,-0.032283985274257535,,,False
fwd_ret,100,ridge,ROBOT_IRONING,5,LOO_D3,19602,9801,-0.01480882030761497,,,False
fwd_ret,100,ridge,ROBOT_IRONING,5,LOO_D4,19602,9801,-0.04467385207798898,,,False
fwd_ret,100,lgbm,ROBOT_IRONING,5,D2->D3,9801,9801,0.0247590655680102,11.710867449786978,0.8932761963064993,False
fwd_ret,100,lgbm,ROBOT_IRONING,5,D2+D3->D4,19602,9801,0.10301074639060992,9.211235633654416,0.8723599632690542,False
fwd_ret,100,lgbm,ROBOT_IRONING,5,LOO_D2,19602,9801,0.005751793509285617,,,False
fwd_ret,100,lgbm,ROBOT_IRONING,5,LOO_D3,19602,9801,0.06851003857119432,,,False
fwd_ret,100,lgbm,ROBOT_IRONING,5,LOO_D4,19602,9801,0.10301074639060992,,,False
fwd_ret,50,ridge,ROBOT_LAUNDRY,5,D2->D3,9851,9851,0.0714863582771541,-0.4823784844924863,0.4440158359557405,False
fwd_ret,50,ridge,ROBOT_LAUNDRY,5,D2+D3->D4,19702,9851,-0.06506652666168225,-0.7669138080143534,0.3821947010455791,False
fwd_ret,50,ridge,ROBOT_LAUNDRY,5,LOO_D2,19702,9851,0.05253947366748873,,,False
fwd_ret,50,ridge,ROBOT_LAUNDRY,5,LOO_D3,19702,9851,0.02178163457454803,,,False
fwd_ret,50,ridge,ROBOT_LAUNDRY,5,LOO_D4,19702,9851,-0.06506652666168225,,,False
fwd_ret,50,lgbm,ROBOT_LAUNDRY,5,D2->D3,9851,9851,0.05882714801327825,4.7187426382014,0.7760633438229622,False
fwd_ret,50,lgbm,ROBOT_LAUNDRY,5,D2+D3->D4,19702,9851,-0.06484604381090452,3.653832134531493,0.7512942848441783,False
fwd_ret,50,lgbm,ROBOT_LAUNDRY,5,LOO_D2,19702,9851,0.049622184158189475,,,False
fwd_ret,50,lgbm,ROBOT_LAUNDRY,5,LOO_D3,19702,9851,-0.051900558097907806,,,False
fwd_ret,50,lgbm,ROBOT_LAUNDRY,5,LOO_D4,19702,9851,-0.06484604381090452,,,False
fwd_ret,100,ridge,ROBOT_LAUNDRY,5,D2->D3,9801,9801,0.11113588410949975,1.3416133881783363,0.6166717681869197,False
fwd_ret,100,ridge,ROBOT_LAUNDRY,5,D2+D3->D4,19602,9801,-0.08345222472531666,1.233870934535421,0.6265687174778084,False
fwd_ret,100,ridge,ROBOT_LAUNDRY,5,LOO_D2,19602,9801,0.08916564441514262,,,False
fwd_ret,100,ridge,ROBOT_LAUNDRY,5,LOO_D3,19602,9801,0.036649005699024156,,,False
fwd_ret,100,ridge,ROBOT_LAUNDRY,5,LOO_D4,19602,9801,-0.08345222472531666,,,False
fwd_ret,100,lgbm,ROBOT_LAUNDRY,5,D2->D3,9801,9801,0.058576588796558825,8.500006387097285,0.8417508417508418,False
fwd_ret,100,lgbm,ROBOT_LAUNDRY,5,D2+D3->D4,19602,9801,-0.0548289720352051,8.503278423598239,0.8515457606366698,False
fwd_ret,100,lgbm,ROBOT_LAUNDRY,5,LOO_D2,19602,9801,0.0483297561898219,,,False
fwd_ret,100,lgbm,ROBOT_LAUNDRY,5,LOO_D3,19602,9801,-0.051016074336077286,,,False
fwd_ret,100,lgbm,ROBOT_LAUNDRY,5,LOO_D4,19602,9801,-0.0548289720352051,,,False
fwd_ret,50,ridge,ROBOT_MOPPING,5,D2->D3,9851,9851,0.01304217381986135,-1.9643696658369847,0.18779819307684498,False
fwd_ret,50,ridge,ROBOT_MOPPING,5,D2+D3->D4,19702,9851,0.04448108811102446,-2.0813883072001986,0.2045477616485636,False
fwd_ret,50,ridge,ROBOT_MOPPING,5,LOO_D2,19702,9851,0.03906704582150038,,,False
fwd_ret,50,ridge,ROBOT_MOPPING,5,LOO_D3,19702,9851,0.013138366692839921,,,False
fwd_ret,50,ridge,ROBOT_MOPPING,5,LOO_D4,19702,9851,0.04448108811102446,,,False
fwd_ret,50,lgbm,ROBOT_MOPPING,5,D2->D3,9851,9851,-0.07199991326858683,4.954354426203411,0.7634757892599736,False
fwd_ret,50,lgbm,ROBOT_MOPPING,5,D2+D3->D4,19702,9851,0.008391960626154684,3.280246827010364,0.7094711196832809,False
fwd_ret,50,lgbm,ROBOT_MOPPING,5,LOO_D2,19702,9851,0.0026782546130136274,,,False
fwd_ret,50,lgbm,ROBOT_MOPPING,5,LOO_D3,19702,9851,0.00820874201481521,,,False
fwd_ret,50,lgbm,ROBOT_MOPPING,5,LOO_D4,19702,9851,0.008391960626154684,,,False
fwd_ret,100,ridge,ROBOT_MOPPING,5,D2->D3,9801,9801,-0.1031899615093915,-0.18456645317271203,0.4783185389245995,False
fwd_ret,100,ridge,ROBOT_MOPPING,5,D2+D3->D4,19602,9801,-0.029023027854245355,-0.6950178449859852,0.42026323844505664,False
fwd_ret,100,ridge,ROBOT_MOPPING,5,LOO_D2,19602,9801,-0.017520194263703576,,,False
fwd_ret,100,ridge,ROBOT_MOPPING,5,LOO_D3,19602,9801,-0.11738338057276546,,,False
fwd_ret,100,ridge,ROBOT_MOPPING,5,LOO_D4,19602,9801,-0.029023027854245355,,,False
fwd_ret,100,lgbm,ROBOT_MOPPING,5,D2->D3,9801,9801,-0.11469099379405986,10.15380063092719,0.8426691153963881,False
fwd_ret,100,lgbm,ROBOT_MOPPING,5,D2+D3->D4,19602,9801,-0.047613668095324815,6.540418420312701,0.7922660952963984,False
fwd_ret,100,lgbm,ROBOT_MOPPING,5,LOO_D2,19602,9801,-0.035786349211590594,,,False
fwd_ret,100,lgbm,ROBOT_MOPPING,5,LOO_D3,19602,9801,-0.018583978604650005,,,False
fwd_ret,100,lgbm,ROBOT_MOPPING,5,LOO_D4,19602,9801,-0.047613668095324815,,,False
fwd_ret,50,ridge,ROBOT_VACUUMING,5,D2->D3,9851,9851,-0.007200356440653653,-0.5170806870712452,0.41792711399857885,False
fwd_ret,50,ridge,ROBOT_VACUUMING,5,D2+D3->D4,19702,9851,-0.03813960474388017,-1.76442017743551,0.13612831184651306,False
fwd_ret,50,ridge,ROBOT_VACUUMING,5,LOO_D2,19702,9851,-0.029780673713609505,,,False
fwd_ret,50,ridge,ROBOT_VACUUMING,5,LOO_D3,19702,9851,0.00028261072957993464,,,False
fwd_ret,50,ridge,ROBOT_VACUUMING,5,LOO_D4,19702,9851,-0.03813960474388017,,,False
fwd_ret,50,lgbm,ROBOT_VACUUMING,5,D2->D3,9851,9851,0.033127825118559454,4.09437502951349,0.7638818394071668,False
fwd_ret,50,lgbm,ROBOT_VACUUMING,5,D2+D3->D4,19702,9851,-0.0029942515333550982,2.133247007161736,0.6827733225053294,False
fwd_ret,50,lgbm,ROBOT_VACUUMING,5,LOO_D2,19702,9851,0.04806729487084578,,,False
fwd_ret,50,lgbm,ROBOT_VACUUMING,5,LOO_D3,19702,9851,0.004939544695829409,,,False
fwd_ret,50,lgbm,ROBOT_VACUUMING,5,LOO_D4,19702,9851,-0.0029942515333550982,,,False
fwd_ret,100,ridge,ROBOT_VACUUMING,5,D2->D3,9801,9801,-0.022546185773390685,0.2027265668236069,0.5244362820120396,False
fwd_ret,100,ridge,ROBOT_VACUUMING,5,D2+D3->D4,19602,9801,0.004603305130493105,-0.8938092405969378,0.34333231302928274,False
fwd_ret,100,ridge,ROBOT_VACUUMING,5,LOO_D2,19602,9801,-0.007845116306468437,,,False
fwd_ret,100,ridge,ROBOT_VACUUMING,5,LOO_D3,19602,9801,-0.00558719228695567,,,False
fwd_ret,100,ridge,ROBOT_VACUUMING,5,LOO_D4,19602,9801,0.004603305130493105,,,False
fwd_ret,100,lgbm,ROBOT_VACUUMING,5,D2->D3,9801,9801,0.04395482738562324,7.696252192063659,0.8309356188144067,False
fwd_ret,100,lgbm,ROBOT_VACUUMING,5,D2+D3->D4,19602,9801,0.010869203216947138,5.811514755068616,0.8039995918783798,False
fwd_ret,100,lgbm,ROBOT_VACUUMING,5,LOO_D2,19602,9801,0.06962792885098426,,,False
fwd_ret,100,lgbm,ROBOT_VACUUMING,5,LOO_D3,19602,9801,0.018459824933648825,,,False
fwd_ret,100,lgbm,ROBOT_VACUUMING,5,LOO_D4,19602,9801,0.010869203216947138,,,False
