ema_span,vol_window,vol_mult,min_half_spread,inv_skew,pnl,sharpe,max_dd,final_pos
5,10,0.5,2.0,0.5,1306.0,0.8191117080395331,-161.0,-3
30,5,0.5,3.0,0.5,1809.0,0.7882157713587922,-186.0,2
5,10,0.5,1.0,0.5,1778.0,0.7876114366584847,-249.0,2
5,20,0.5,1.0,0.5,1715.0,0.7772417967157906,-193.0,-2
20,20,0.5,3.0,0.5,1730.0,0.765166782075347,-190.0,-2
20,10,0.5,3.0,0.5,1680.0,0.7610420457483722,-190.0,-5
10,10,0.5,2.0,0.5,1865.0,0.7531598551162001,-217.0,3
30,20,0.5,3.0,0.5,1723.0,0.7488400827440701,-200.0,3
10,20,0.5,2.0,0.5,1797.0,0.741606790493043,-207.0,-1
10,10,0.5,3.0,0.5,1175.0,0.7387885964367155,-160.0,4
30,10,0.5,3.0,0.5,1717.0,0.7379781614978356,-195.0,2
5,5,0.5,1.0,0.5,1573.0,0.7170506362753712,-206.0,3
10,5,0.5,2.0,0.5,1748.0,0.7118718467108387,-217.0,3
10,20,1.0,1.0,0.5,1356.0,0.6866414541647347,-171.0,3
5,20,0.5,2.0,0.5,1172.0,0.6784526821162239,-171.0,-3
20,5,0.5,3.0,0.5,1458.0,0.6628537858686994,-173.0,2
20,20,1.0,2.0,0.5,1459.0,0.6615383824871264,-185.0,3
20,20,1.0,1.0,0.5,1528.0,0.6583109457139865,-210.0,3
10,20,0.5,3.0,0.5,1044.0,0.6530335924209676,-160.0,4
5,5,0.5,2.0,0.5,901.0,0.6456829139965069,-147.0,1
10,5,1.0,2.0,0.5,1270.0,0.6286509602218165,-208.0,2
20,20,1.0,3.0,0.5,1104.0,0.6209664971086951,-171.0,3
30,20,1.0,2.0,0.5,1550.0,0.6177133110416845,-228.0,3
30,10,1.0,3.0,0.5,1229.0,0.6129322357430437,-190.0,4
30,20,1.0,1.0,0.5,1459.0,0.5856537149054595,-226.0,3
20,5,1.0,3.0,0.5,1123.0,0.5716913041781603,-186.0,2
30,5,1.0,3.0,0.5,1373.0,0.5670405070536699,-220.0,2
20,5,1.0,1.0,0.5,1371.0,0.5626053900341723,-202.0,3
10,5,0.5,3.0,0.5,894.0,0.5618915073690508,-160.0,4
30,20,1.0,3.0,0.5,1133.0,0.5604141826012714,-180.0,3
10,20,0.5,1.0,0.5,1441.0,0.5584316987528576,-222.0,-3
10,5,1.0,1.0,0.5,1141.0,0.556807331270748,-192.0,2
20,10,1.0,1.0,0.5,1317.0,0.5475086442901311,-201.0,4
30,10,1.0,2.0,0.5,1241.0,0.5323158574997919,-186.0,5
20,10,0.5,2.0,0.5,1395.0,0.5253996310447301,-222.0,-4
20,5,1.0,2.0,0.5,1218.0,0.5240829198220321,-193.0,3
30,5,1.0,1.0,0.5,1290.0,0.5112194643959515,-244.0,4
30,5,1.5,3.0,0.5,1025.0,0.5102872816527149,-168.0,1
10,10,1.0,1.0,0.5,1094.0,0.5034524302939597,-187.0,4
10,5,0.5,1.0,0.5,1277.0,0.4973422813158623,-208.0,3
30,5,1.0,2.0,0.5,1231.0,0.48784339713907837,-255.0,2
20,5,0.5,2.0,0.5,1301.0,0.4870749526330516,-210.0,-5
10,20,1.0,2.0,0.5,878.0,0.47977251685409805,-191.0,3
20,10,1.0,2.0,0.5,1115.0,0.4753141589543124,-198.0,4
20,10,1.0,3.0,0.5,927.0,0.4720419207336246,-182.0,4
10,10,0.5,1.0,0.5,1209.0,0.4683026925844179,-231.0,-2
30,10,1.5,3.0,0.5,991.0,0.4608257541994667,-168.0,3
10,10,1.0,2.0,0.5,926.0,0.45793301760649424,-189.0,3
20,10,1.5,2.0,0.5,925.0,0.4576641274057038,-207.0,3
20,20,0.5,2.0,0.5,1201.0,0.45152124733566446,-220.0,-4
30,5,1.5,2.0,0.5,933.0,0.4482111845248461,-192.0,0
30,5,1.5,1.0,0.5,933.0,0.4482111845248461,-192.0,0
30,10,1.5,2.0,0.5,920.0,0.43812443317035665,-193.0,3
30,20,1.5,3.0,0.5,686.0,0.41917347261650745,-160.0,1
10,5,1.0,3.0,0.5,605.0,0.4182944294509425,-160.0,5
30,20,1.5,2.0,0.5,873.0,0.4093985442581933,-192.0,1
30,20,1.5,1.0,0.5,873.0,0.4093985442581933,-192.0,1
30,10,1.5,1.0,0.5,801.0,0.3993196032479866,-200.0,3
20,10,1.5,1.0,0.5,808.0,0.39335899632735505,-199.0,3
20,5,1.5,1.0,0.5,696.0,0.3735999515286521,-180.0,1
20,5,1.5,2.0,0.5,696.0,0.3735999515286521,-180.0,1
30,20,2.0,3.0,0.5,511.0,0.3654895621652882,-160.0,1
20,20,1.5,1.0,0.5,614.0,0.36045867308761564,-201.0,2
30,5,0.5,2.0,0.5,1011.0,0.3591544966925231,-247.0,-5
20,20,1.5,3.0,0.5,488.0,0.35677022978289824,-160.0,2
30,20,2.0,2.0,0.5,714.0,0.3560700021521791,-231.0,1
5,20,1.0,1.0,0.5,440.0,0.3544439321877639,-150.0,0
30,20,2.0,1.0,0.5,707.0,0.35256406803208057,-231.0,1
20,20,1.5,3.0,1.0,553.0,0.3465721038665384,-171.0,2
30,10,1.0,1.0,0.5,864.0,0.34056124758397266,-220.0,5
10,20,1.5,2.0,1.0,373.0,0.33281817442879635,-150.0,1
30,10,0.5,2.0,0.5,926.0,0.3292931923379211,-239.0,-3
10,20,1.5,1.0,1.0,369.0,0.32923648411691087,-152.0,1
20,5,1.5,3.0,0.5,533.0,0.32622259160346073,-198.0,2
5,20,0.5,3.0,0.5,465.0,0.3256826185826797,-168.0,-3
20,20,1.5,2.0,0.5,538.0,0.32336117151377514,-201.0,1
5,10,0.5,3.0,0.5,426.0,0.3130247932224565,-176.0,2
10,10,1.5,3.0,0.5,307.0,0.30983394309594803,-133.0,1
10,20,1.5,1.0,0.5,431.0,0.3082186226134799,-189.0,2
5,20,1.0,2.0,0.5,360.0,0.30083443942750765,-138.0,2
20,10,1.5,3.0,0.5,513.0,0.2942331203932505,-180.0,4
30,20,0.5,2.0,0.5,801.0,0.28258134712861194,-291.0,-4
5,5,1.0,1.0,0.5,409.0,0.2818640987087298,-144.0,3
10,10,1.5,1.0,0.5,476.0,0.27709797561573113,-238.0,1
10,20,1.0,3.0,0.5,303.0,0.2730042237191157,-133.0,2
30,20,2.0,3.0,1.0,326.0,0.2712678328223379,-160.0,0
30,5,2.0,2.0,0.5,442.0,0.2711851405391612,-161.0,3
30,5,2.0,1.0,0.5,442.0,0.2711851405391612,-161.0,3
20,20,2.0,1.0,1.0,327.0,0.2592099112027657,-227.0,1
20,20,2.0,2.0,1.0,327.0,0.2592099112027657,-227.0,1
20,10,2.0,2.0,0.5,300.0,0.25518868834014313,-144.0,3
20,10,2.0,1.0,0.5,300.0,0.25518868834014313,-144.0,3
5,10,1.0,1.0,0.5,308.0,0.24633684041300005,-216.0,2
30,10,2.0,2.0,0.5,374.0,0.24515808805829353,-180.0,4
30,10,2.0,1.0,0.5,374.0,0.24515808805829353,-180.0,4
20,20,1.5,2.0,1.0,376.0,0.2446090896213178,-179.0,1
30,20,2.0,2.0,1.0,306.0,0.23880088067606461,-227.0,1
20,10,2.0,3.0,0.5,262.0,0.23581921573935852,-144.0,3
20,20,2.0,2.0,0.5,341.0,0.23505543929785477,-138.0,3
20,20,2.0,1.0,0.5,341.0,0.23505543929785477,-138.0,3
30,20,2.0,1.0,1.0,299.0,0.233305782838961,-234.0,1
30,5,0.5,1.0,0.0,4933.0,0.22846110006148868,-1569.0,50
10,10,1.0,3.0,1.0,217.0,0.22547892477479178,-152.0,1
10,5,1.5,2.0,0.5,322.0,0.22540114769617897,-176.0,0
5,10,1.0,2.0,0.5,241.0,0.22125879697314252,-133.0,4
5,20,1.0,3.0,1.0,65.0,0.21872339427578308,-126.0,0
20,5,0.5,1.0,0.0,4888.0,0.20902444217593874,-1539.0,50
10,20,1.0,3.0,1.0,172.0,0.20754836029490625,-147.0,1
20,10,0.5,1.0,0.0,4980.0,0.20606491219644002,-1903.0,50
30,5,2.0,3.0,0.5,249.0,0.20509446022195496,-160.0,4
10,5,1.5,1.0,0.5,285.0,0.20488352420527184,-161.0,0
20,20,2.0,3.0,1.0,185.0,0.20472176637009892,-126.0,1
10,10,1.5,1.0,1.0,222.0,0.2003751412223971,-160.0,3
10,10,1.5,2.0,0.5,318.0,0.19971566508817554,-243.0,3
5,20,1.5,2.0,1.0,151.0,0.19951586561010448,-120.0,2
20,10,1.5,3.0,1.0,298.0,0.19923195741578853,-186.0,3
30,20,1.5,3.0,1.0,315.0,0.19858060810629338,-186.0,1
30,10,0.5,1.0,0.0,4637.0,0.19686311632176134,-1692.0,50
5,10,1.5,2.0,0.5,224.0,0.1957912684525593,-200.0,-1
20,20,1.5,1.0,1.0,305.0,0.19371052567228805,-179.0,1
5,20,1.5,1.0,1.0,145.0,0.19158606612471277,-120.0,2
5,10,1.5,1.0,0.5,219.0,0.19141982541440403,-200.0,-1
5,5,1.0,2.0,0.5,204.0,0.18978467720588396,-144.0,1
30,10,2.0,3.0,0.5,271.0,0.18905023223654185,-160.0,4
5,20,1.0,2.0,1.0,129.0,0.1881348303066311,-126.0,0
5,5,0.5,3.0,0.5,266.0,0.18757359358873732,-170.0,2
5,5,2.0,1.0,0.5,83.0,0.1862404280338965,-150.0,1
30,20,0.5,5.0,1.0,139.0,0.18593069981354723,-120.0,0
30,10,0.5,5.0,1.0,139.0,0.18593069981354723,-120.0,0
30,5,0.5,5.0,1.0,139.0,0.18593069981354723,-120.0,0
10,10,1.5,3.0,1.0,178.0,0.18482006836810078,-160.0,1
5,10,0.5,3.0,1.0,171.0,0.1822154458570546,-194.0,-4
5,20,1.0,1.0,1.0,153.0,0.18042224267030899,-146.0,1
10,10,1.5,2.0,1.0,192.0,0.17143056869659495,-160.0,3
5,5,0.5,3.0,1.0,100.0,0.1700001460612511,-190.0,0
5,10,2.0,2.0,1.0,136.0,0.16894163791746009,-144.0,1
5,10,2.0,1.0,1.0,136.0,0.16894163791746009,-144.0,1
5,5,1.5,1.0,0.5,258.0,0.16785649001467154,-187.0,2
5,10,1.5,1.0,1.0,177.0,0.16744768363637436,-170.0,1
5,5,1.5,1.0,1.0,139.0,0.16734635796003583,-118.0,1
30,5,0.5,5.0,0.5,203.0,0.16714995577966102,-160.0,1
30,10,0.5,5.0,0.5,203.0,0.16714995577966102,-160.0,1
30,20,0.5,5.0,0.5,203.0,0.16714995577966102,-160.0,1
10,20,1.5,3.0,0.5,193.0,0.1664836577314442,-182.0,0
10,20,1.5,2.0,0.5,159.0,0.1661204267505555,-189.0,2
30,20,0.5,1.0,0.0,4306.0,0.16500184298904047,-1606.0,50
20,5,2.0,3.0,0.5,120.0,0.1616783059505566,-151.0,0
30,20,1.5,5.0,1.0,147.0,0.16129927281990158,-145.0,1
5,20,0.5,3.0,1.0,178.0,0.157431010426557,-194.0,-4
30,10,2.0,2.0,1.0,269.0,0.15624669134150482,-264.0,1
10,10,2.0,2.0,0.5,178.0,0.15467934170443318,-200.0,-1
30,10,1.5,3.0,1.0,234.0,0.15182593244021775,-203.0,3
10,10,2.0,1.0,0.5,173.0,0.15033356164139777,-200.0,-1
20,10,1.5,5.0,1.0,161.0,0.1478689833111116,-160.0,3
20,20,0.5,1.0,0.0,4040.0,0.14765728527867586,-1751.0,50
30,20,1.5,2.0,1.0,239.0,0.1468077497641639,-232.0,1
20,5,2.0,1.0,0.5,197.0,0.14512281775798813,-161.0,4
20,5,2.0,2.0,0.5,197.0,0.14512281775798813,-161.0,4
20,20,2.0,3.0,0.5,126.0,0.14403241074784842,-180.0,1
5,10,1.5,2.0,1.0,144.0,0.14146930477519482,-170.0,1
30,20,0.5,2.0,0.0,3712.0,0.138231614843698,-1624.0,50
30,10,0.5,2.0,0.0,3492.0,0.13687719436152898,-1687.0,50
10,5,1.5,3.0,1.0,84.0,0.1355422815448795,-135.0,1
30,5,0.5,2.0,0.0,3640.0,0.13533533560510985,-1658.0,50
30,5,2.0,3.0,1.0,166.0,0.13220468132565702,-171.0,1
10,10,2.0,3.0,1.0,112.0,0.1271596342373131,-133.0,1
20,20,0.5,1.0,0.5,352.0,0.12700068603794443,-300.0,-3
5,10,2.0,2.0,0.5,196.0,0.1258173762929475,-175.0,1
5,10,2.0,1.0,0.5,196.0,0.1258173762929475,-175.0,1
10,10,0.5,1.0,0.0,3377.0,0.12459412783018564,-1977.0,50
10,20,2.0,2.0,1.0,29.0,0.11959553830550478,-87.5,0
10,20,2.0,1.0,1.0,29.0,0.11959553830550478,-87.5,0
30,20,3.0,1.0,1.0,126.0,0.11959487873096485,-101.5,1
30,20,3.0,2.0,1.0,126.0,0.11959487873096485,-101.5,1
5,5,1.5,2.0,0.5,227.0,0.1187711336833069,-148.0,1
20,20,0.5,2.0,0.0,3347.0,0.11767662309789498,-1783.0,50
30,5,1.5,5.0,0.5,154.0,0.11599678920325496,-176.0,0
20,5,0.5,2.0,0.0,3243.0,0.1133794142788026,-1834.0,50
20,10,2.0,2.0,1.0,140.0,0.11281153961449365,-193.0,-1
10,20,0.5,1.0,0.0,3130.0,0.11106496226983822,-2017.0,50
10,10,2.0,2.0,1.0,114.0,0.11081757621937023,-163.0,1
10,10,2.0,1.0,1.0,114.0,0.11081757621937023,-163.0,1
10,10,2.0,3.0,0.5,70.0,0.10997316450740888,-175.0,0
10,20,2.0,2.0,0.5,48.0,0.10974534542342049,-64.0,2
10,20,2.0,1.0,0.5,48.0,0.10974534542342049,-64.0,2
20,5,1.5,3.0,1.0,164.0,0.1093603461612694,-266.0,2
20,10,2.0,1.0,1.0,127.0,0.10885774863603215,-208.0,-1
10,20,1.5,3.0,1.0,30.0,0.10656674516984431,-96.0,0
10,5,0.5,1.0,0.0,2985.0,0.10590587322293474,-1933.0,50
20,5,0.5,1.0,0.5,303.0,0.10586802448402605,-301.0,0
10,5,1.5,2.0,1.0,107.0,0.10474298272315023,-173.0,1
20,10,0.5,2.0,0.0,2994.0,0.10412783118606292,-1851.0,50
30,20,1.5,1.0,1.0,168.0,0.10252998196289212,-232.0,1
5,20,1.0,3.0,0.5,57.0,0.1022598152200817,-180.0,0
20,20,1.5,5.0,1.0,38.0,0.10002772902746897,-124.0,0
30,20,1.5,5.0,0.5,146.0,0.09516402468070684,-176.0,2
10,10,1.0,3.0,0.5,74.0,0.09432544634059693,-133.0,5
30,10,1.0,1.0,0.0,2228.0,0.09242754614671718,-1769.0,45
10,5,1.5,3.0,0.5,56.0,0.09233912793120908,-175.0,0
30,5,1.5,5.0,1.0,68.0,0.09221198608480219,-120.0,1
20,10,2.0,3.0,1.0,114.0,0.09033348381018026,-203.0,1
5,20,1.5,1.0,0.5,51.0,0.08781931952095876,-76.0,1
5,20,1.5,2.0,0.5,51.0,0.08781931952095876,-76.0,1
30,10,2.0,5.0,1.0,79.0,0.08497752100371572,-160.0,1
30,10,2.0,1.0,1.0,134.0,0.08318965987390839,-208.0,1
30,10,1.5,2.0,1.0,146.0,0.08253702386587976,-280.0,3
20,20,1.5,5.0,0.5,117.0,0.08202191441555731,-176.0,2
20,20,1.0,5.0,1.0,64.0,0.08186855580365332,-126.0,1
20,10,2.0,2.0,0.0,257.0,0.08150139441919599,-350.0,9
20,10,2.0,1.0,0.0,257.0,0.08150139441919599,-350.0,9
10,5,1.5,1.0,1.0,74.0,0.07792762805684499,-173.0,0
30,10,3.0,2.0,1.0,60.0,0.07742068381145617,-156.0,0
30,10,3.0,1.0,1.0,60.0,0.07742068381145617,-156.0,0
10,5,1.0,3.0,1.0,104.0,0.07702924702775404,-251.0,1
30,10,3.0,2.0,0.5,81.0,0.07680826709490651,-231.0,-1
30,10,3.0,1.0,0.5,81.0,0.07680826709490651,-231.0,-1
30,20,2.0,5.0,0.5,164.0,0.07637110839607045,-256.0,-2
5,5,2.0,1.0,1.0,30.0,0.07544586573643793,-115.0,1
30,10,1.0,2.0,0.0,2011.0,0.07500247166576607,-1850.0,45
30,10,1.5,5.0,1.0,67.0,0.0727983821244445,-160.0,1
30,20,1.0,5.0,1.0,55.0,0.07031561470313033,-120.0,3
20,10,2.0,3.0,0.0,365.0,0.07009335569181556,-690.0,27
30,5,1.0,5.0,1.0,49.0,0.06724644035435945,-120.0,3
30,20,1.0,5.0,0.5,88.0,0.06690546578509453,-160.0,1
30,10,1.0,5.0,0.5,88.0,0.06690546578509453,-160.0,1
30,5,1.0,1.0,0.0,1878.0,0.06682908539305685,-1839.0,50
10,5,2.0,2.0,0.5,45.0,0.06630875165275213,-134.0,1
10,5,2.0,1.0,0.5,45.0,0.06630875165275213,-134.0,1
30,5,1.5,3.0,1.0,116.0,0.06549713818234683,-313.0,2
20,5,0.5,5.0,1.0,50.0,0.06402951925658094,-126.0,1
20,20,0.5,5.0,1.0,50.0,0.06402951925658094,-126.0,1
20,10,0.5,5.0,1.0,50.0,0.06402951925658094,-126.0,1
5,20,1.5,2.0,2.0,12.0,0.0636356374990066,-76.0,0
30,5,1.0,2.0,0.0,1782.0,0.06251431763042169,-1840.0,50
20,5,1.5,5.0,0.5,81.0,0.06185439804495204,-176.0,1
30,10,1.0,5.0,1.0,46.0,0.061098949521227776,-120.0,3
5,5,1.5,2.0,1.0,47.0,0.06046373141772041,-135.0,1
10,5,2.0,1.0,0.0,161.0,0.05644001358586206,-480.0,16
10,5,2.0,2.0,0.0,161.0,0.05644001358586206,-480.0,16
20,10,1.0,1.0,0.0,1507.0,0.055327330359615366,-1989.0,50
30,20,1.0,1.0,0.0,1626.0,0.05526678031098449,-2256.0,50
30,20,1.0,2.0,0.0,1614.0,0.05477596572877998,-2246.0,50
20,10,1.0,5.0,1.0,39.0,0.053866840716640975,-120.0,1
20,5,1.0,5.0,1.0,39.0,0.053866840716640975,-120.0,1
20,5,1.5,5.0,1.0,39.0,0.053866840716640975,-120.0,1
20,10,0.5,1.0,0.5,146.0,0.05265789440126127,-342.0,1
10,5,1.5,2.0,0.0,450.0,0.05236983165640437,-1020.0,34
10,5,1.5,1.0,0.0,450.0,0.05236983165640437,-1020.0,34
20,5,2.0,3.0,0.0,365.0,0.0518085579808273,-870.0,29
30,20,3.0,1.0,0.5,31.0,0.05176190503197201,-119.0,1
30,20,3.0,2.0,0.5,31.0,0.05176190503197201,-119.0,1
20,10,1.0,2.0,0.0,1465.0,0.05090665702274599,-1976.0,50
20,10,1.5,1.0,1.0,79.0,0.05026789248051202,-265.0,3
20,10,1.5,5.0,0.5,66.0,0.05019657540315713,-160.0,2
30,10,2.0,5.0,0.5,66.0,0.05019657540315713,-160.0,2
5,5,1.5,1.0,0.0,205.0,0.04984420075291648,-600.0,20
10,5,1.5,3.0,0.0,245.0,0.0494916865151838,-420.0,14
10,10,2.0,3.0,0.0,245.0,0.0494916865151838,-420.0,14
10,20,0.5,2.0,0.0,1494.0,0.048469621267811396,-2068.0,50
30,5,2.0,5.0,0.5,67.0,0.04845106598998196,-196.0,0
30,10,2.0,3.0,1.0,65.0,0.048339566447645275,-223.0,1
20,5,1.0,1.0,0.0,1415.0,0.04832253579593331,-2151.0,50
20,5,2.0,2.0,0.0,373.0,0.04822005996090171,-810.0,27
20,5,2.0,1.0,0.0,373.0,0.04822005996090171,-810.0,27
10,10,2.0,2.0,0.0,373.0,0.04822005996090171,-810.0,27
10,10,2.0,1.0,0.0,368.0,0.04757340610235699,-810.0,27
30,5,2.0,1.0,0.0,483.0,0.04745977378272686,-739.0,15
30,5,2.0,2.0,0.0,483.0,0.04745977378272686,-739.0,15
30,10,3.0,3.0,1.0,36.0,0.04633780479703273,-173.0,0
5,5,1.5,2.0,0.0,241.0,0.04585653034106298,-780.0,26
30,5,2.0,3.0,0.0,534.0,0.04477588234926318,-991.0,24
20,20,1.0,1.0,0.0,1315.0,0.04451229463789636,-2250.0,50
20,10,3.0,2.0,0.5,43.0,0.04416551649762508,-216.0,-2
20,10,3.0,3.0,0.5,43.0,0.04416551649762508,-216.0,-2
20,10,3.0,1.0,0.5,43.0,0.04416551649762508,-216.0,-2
20,20,1.0,5.0,0.5,58.0,0.04410724327710754,-160.0,2
20,20,0.5,5.0,0.5,58.0,0.04410724327710754,-160.0,2
20,5,0.5,5.0,0.5,58.0,0.04410724327710754,-160.0,2
20,10,0.5,5.0,0.5,58.0,0.04410724327710754,-160.0,2
20,10,1.0,5.0,0.5,58.0,0.04410724327710754,-160.0,2
20,5,1.0,5.0,0.5,58.0,0.04410724327710754,-160.0,2
10,10,0.5,2.0,0.0,1338.0,0.04368669346153801,-2192.0,50
30,20,0.5,3.0,0.0,1323.0,0.04361701692131276,-2044.0,50
20,5,1.0,2.0,0.0,1292.0,0.04351456331030963,-2153.0,50
20,10,3.0,1.0,1.0,31.0,0.04314315552131921,-155.0,-1
20,10,3.0,2.0,1.0,31.0,0.04314315552131921,-155.0,-1
20,10,3.0,3.0,1.0,31.0,0.04314315552131921,-155.0,-1
30,10,3.0,3.0,0.0,120.0,0.04164514643004413,-450.0,15
20,10,3.0,1.0,0.0,120.0,0.04164514643004413,-450.0,15
20,10,3.0,3.0,0.0,120.0,0.04164514643004413,-450.0,15
20,10,3.0,2.0,0.0,120.0,0.04164514643004413,-450.0,15
5,10,2.0,1.0,0.0,128.0,0.0412494957960335,-390.0,13
20,20,1.0,2.0,0.0,1227.0,0.04111940283972061,-2244.0,50
30,10,0.5,3.0,0.0,1235.0,0.04063016800328343,-2100.0,50
30,5,0.5,3.0,0.0,1227.0,0.040441695072350056,-2100.0,50
20,5,2.0,2.0,1.0,49.0,0.040412760514562954,-207.0,0
5,20,0.5,1.0,0.0,1198.0,0.03998478664894765,-2144.0,50
10,5,0.5,2.0,0.0,1223.0,0.039616325061598255,-2186.0,50
5,10,2.0,2.0,0.0,164.0,0.0392513760188408,-570.0,19
10,10,3.0,2.0,0.0,30.0,0.03771050035619469,-150.0,5
10,10,3.0,1.0,0.0,30.0,0.03771050035619469,-150.0,5
5,10,1.0,1.0,0.0,368.0,0.03763092726792506,-1087.0,40
10,10,3.0,1.0,1.0,20.0,0.037475565552873034,-138.0,0
10,10,3.0,2.0,1.0,20.0,0.037475565552873034,-138.0,0
20,5,1.0,3.0,1.0,65.0,0.03692853474990459,-291.0,2
20,5,1.5,2.0,1.0,55.0,0.03617696615681673,-219.0,2
5,10,0.5,2.0,0.0,1007.0,0.035862668883535814,-2300.0,50
5,10,1.5,2.0,0.0,344.0,0.035761901136200466,-1130.0,35
30,5,1.0,5.0,0.5,46.0,0.03532126186819602,-160.0,0
10,20,1.0,1.0,0.0,1018.0,0.03531421990859372,-2166.0,50
5,5,1.0,2.0,0.0,456.0,0.034902560741339086,-1410.0,47
5,10,1.5,1.0,0.0,303.0,0.03486591707522067,-986.0,29
5,20,0.5,2.0,0.0,989.0,0.03485415328908869,-2178.0,50
30,5,1.5,2.0,0.0,983.0,0.0338147452090738,-2240.0,47
30,5,1.5,1.0,0.0,976.0,0.033573980003320146,-2240.0,47
30,10,1.5,5.0,0.5,44.0,0.033458035457779804,-160.0,2
20,20,0.5,3.0,0.0,1022.0,0.03338320083135724,-2244.0,50
10,10,1.5,2.0,0.0,509.0,0.03305808990818382,-1633.0,50
5,10,0.5,1.0,0.0,1006.0,0.03292934737215159,-2192.0,50
10,20,0.5,3.0,0.0,952.0,0.03270464771422842,-2244.0,50
5,5,1.0,1.0,0.0,394.0,0.03239254876316255,-1230.0,41
30,5,1.0,3.0,0.0,971.0,0.03231779021862416,-2100.0,50
30,20,1.0,3.0,0.0,978.0,0.03222986707139968,-2124.0,50
5,10,1.0,2.0,1.0,32.0,0.03161292277994046,-253.0,1
20,20,2.0,2.0,0.0,191.0,0.03156723676711026,-596.0,12
20,20,2.0,1.0,0.0,191.0,0.03156723676711026,-596.0,12
20,10,0.5,3.0,0.0,968.0,0.031566159657688754,-2300.0,50
20,20,2.0,3.0,0.0,216.0,0.03133744851575252,-786.0,19
20,10,1.5,2.0,1.0,50.0,0.031146899705331337,-354.0,3
10,10,1.5,3.0,0.0,322.0,0.03100780825385306,-873.0,28
30,20,1.5,2.0,0.0,877.0,0.030973311634077048,-2258.0,50
20,5,0.5,3.0,0.0,939.0,0.03072691033762715,-2300.0,50
30,20,1.5,1.0,0.0,870.0,0.030726123074547817,-2258.0,50
10,10,0.5,3.0,0.0,892.0,0.03050207482370411,-2300.0,50
20,10,1.5,2.0,0.0,863.0,0.030434700659023387,-2240.0,45
10,10,1.5,1.0,0.0,451.0,0.03029033463812602,-1649.0,45
20,10,1.5,1.0,0.0,844.0,0.029764693454600838,-2246.0,45
30,10,1.5,2.0,0.0,849.0,0.029749708437322202,-2246.0,47
10,20,1.0,2.0,0.0,869.0,0.029660919304815916,-2222.0,50
30,10,1.5,1.0,0.0,838.0,0.029364266102413952,-2246.0,47
20,20,1.5,3.0,0.0,670.0,0.028715170013538856,-2072.0,50
5,10,1.0,2.0,0.0,421.0,0.02853564601053615,-1590.0,49
20,20,1.5,1.0,0.0,792.0,0.0284080332002535,-2258.0,50
20,20,1.5,2.0,0.0,792.0,0.0284080332002535,-2258.0,50
5,20,1.0,1.0,0.0,337.0,0.028282281034806872,-1286.0,36
5,5,0.5,1.0,0.0,875.0,0.028211163520942602,-2216.0,50
10,5,0.5,3.0,0.0,828.0,0.028187468030038753,-2300.0,50
10,20,1.0,3.0,0.0,559.0,0.027739499600481936,-1932.0,46
30,10,2.0,2.0,0.0,610.0,0.027703978391961266,-2240.0,45
30,10,2.0,1.0,0.0,610.0,0.027703978391961266,-2240.0,45
10,10,1.0,1.0,0.0,811.0,0.027294998919800816,-2246.0,50
30,10,1.0,3.0,0.0,800.0,0.027249721750698164,-2100.0,46
20,20,1.0,3.0,0.0,826.0,0.027012000490751843,-2300.0,50
5,5,0.5,2.0,0.0,762.0,0.02659152424735805,-2300.0,50
10,5,1.0,1.0,0.0,789.0,0.02604301611931772,-2238.0,50
20,5,1.5,2.0,0.0,737.0,0.025993154573202143,-2240.0,47
20,5,1.5,1.0,0.0,737.0,0.025993154573202143,-2240.0,47
10,20,1.5,2.0,0.0,496.0,0.025068057707525463,-1746.0,46
10,20,1.5,1.0,0.0,496.0,0.025068057707525463,-1746.0,46
30,20,2.0,2.0,0.0,385.0,0.024979793401375426,-1286.0,27
20,5,1.5,3.0,0.0,735.0,0.0249763748487939,-2300.0,50
10,10,1.0,3.0,0.0,484.0,0.024926391593941312,-1747.0,47
30,20,2.0,1.0,0.0,378.0,0.024525647491748438,-1286.0,27
20,5,1.0,3.0,0.0,747.0,0.024438174730181606,-2300.0,50
5,20,1.0,2.0,0.0,235.0,0.024234933918778706,-1058.0,28
30,5,1.5,3.0,0.0,717.0,0.024046591668472807,-2300.0,47
10,10,1.0,2.0,0.0,721.0,0.023868649049071367,-2240.0,50
30,20,2.0,3.0,0.0,402.0,0.02384724875691268,-1472.0,32
30,10,2.0,3.0,0.0,540.0,0.023722754000497375,-2300.0,45
30,10,3.0,3.0,0.5,23.0,0.023619565838052938,-216.0,-2
20,10,1.5,3.0,0.0,692.0,0.02359329544715922,-2300.0,50
5,5,0.5,3.0,0.0,165.0,0.023444174213273078,-598.0,13
10,5,1.0,2.0,0.0,721.0,0.023304139197831624,-2240.0,50
5,20,0.5,3.0,0.0,619.0,0.023238896304685456,-2097.0,50
5,10,0.5,3.0,0.0,626.0,0.022943787132258336,-2300.0,50
30,20,1.5,3.0,0.0,669.0,0.022940288610404695,-2300.0,50
30,10,1.5,3.0,0.0,671.0,0.022691702339671348,-2300.0,49
30,10,0.5,5.0,0.0,416.0,0.022620565920334217,-1564.0,34
30,5,1.0,5.0,0.0,416.0,0.022620565920334217,-1564.0,34
30,5,0.5,5.0,0.0,416.0,0.022620565920334217,-1564.0,34
30,20,0.5,5.0,0.0,416.0,0.022620565920334217,-1564.0,34
5,20,1.5,2.0,0.0,44.0,0.021915568720271925,-184.0,4
30,10,1.0,5.0,0.0,312.0,0.02138393045149159,-1196.0,26
30,20,1.0,5.0,0.0,247.0,0.021094340198477255,-966.0,21
10,5,1.0,3.0,0.0,560.0,0.020749186759020845,-2300.0,50
30,10,3.0,1.0,0.0,71.0,0.020662413051155386,-287.0,8
30,10,3.0,2.0,0.0,71.0,0.020662413051155386,-287.0,8
30,5,2.0,5.0,0.0,199.0,0.019748296441391967,-782.0,17
30,5,1.5,5.0,0.0,191.0,0.018954347281130532,-782.0,17
30,20,1.5,5.0,0.0,191.0,0.018954347281130532,-782.0,17
20,10,1.0,3.0,0.0,557.0,0.01837587272201204,-2300.0,50
5,20,1.0,3.0,0.0,36.0,0.017873069446810826,-184.0,4
30,5,2.0,5.0,1.0,13.0,0.016119587445894635,-153.0,0
30,10,2.0,5.0,0.0,72.0,0.013955199273204467,-368.0,8
20,10,1.5,5.0,0.0,72.0,0.013955199273204467,-368.0,8
20,20,1.5,5.0,0.0,72.0,0.013955199273204467,-368.0,8
30,20,2.0,5.0,0.0,72.0,0.013955199273204467,-368.0,8
20,10,1.0,5.0,0.0,64.0,0.01240453209573217,-368.0,8
20,20,1.0,5.0,0.0,64.0,0.01240453209573217,-368.0,8
20,20,0.5,5.0,0.0,64.0,0.01240453209573217,-368.0,8
20,5,1.5,5.0,0.0,64.0,0.01240453209573217,-368.0,8
20,5,1.0,5.0,0.0,64.0,0.01240453209573217,-368.0,8
20,10,0.5,5.0,0.0,64.0,0.01240453209573217,-368.0,8
20,5,0.5,5.0,0.0,64.0,0.01240453209573217,-368.0,8
10,20,1.5,3.0,0.0,35.0,0.011638944060532227,-230.0,5
30,10,1.5,5.0,0.0,56.0,0.010853861195877874,-368.0,8
20,10,1.0,3.0,1.0,12.0,0.00754083103777151,-225.0,2
20,5,2.0,1.0,1.0,9.0,0.006732191770825338,-203.0,0
5,20,1.5,1.0,0.0,8.0,0.004302506941306603,-148.0,-2
10,5,3.0,8.0,2.0,0.0,0.0,0.0,0
5,10,2.0,8.0,0.0,0.0,0.0,0.0,0
5,10,2.0,8.0,0.5,0.0,0.0,0.0,0
5,10,2.0,8.0,1.0,0.0,0.0,0.0,0
5,10,2.0,8.0,2.0,0.0,0.0,0.0,0
5,10,3.0,1.0,0.0,0.0,0.0,0.0,0
5,10,3.0,1.0,0.5,0.0,0.0,0.0,0
5,10,3.0,1.0,1.0,0.0,0.0,0.0,0
5,10,3.0,1.0,2.0,0.0,0.0,0.0,0
10,5,2.0,8.0,2.0,0.0,0.0,0.0,0
10,5,3.0,1.0,0.0,0.0,0.0,0.0,0
10,5,3.0,1.0,0.5,0.0,0.0,0.0,0
10,5,3.0,1.0,1.0,0.0,0.0,0.0,0
10,5,3.0,1.0,2.0,0.0,0.0,0.0,0
10,5,3.0,2.0,0.0,0.0,0.0,0.0,0
10,5,3.0,2.0,0.5,0.0,0.0,0.0,0
10,5,3.0,2.0,1.0,0.0,0.0,0.0,0
10,5,3.0,2.0,2.0,0.0,0.0,0.0,0
10,5,3.0,3.0,0.0,0.0,0.0,0.0,0
10,5,3.0,3.0,0.5,0.0,0.0,0.0,0
10,5,3.0,3.0,1.0,0.0,0.0,0.0,0
10,5,3.0,3.0,2.0,0.0,0.0,0.0,0
5,10,3.0,2.0,0.0,0.0,0.0,0.0,0
5,10,3.0,2.0,0.5,0.0,0.0,0.0,0
5,10,3.0,2.0,1.0,0.0,0.0,0.0,0
5,5,1.0,5.0,2.0,0.0,0.0,0.0,0
5,5,1.0,8.0,0.0,0.0,0.0,0.0,0
5,5,1.0,8.0,0.5,0.0,0.0,0.0,0
5,5,1.0,8.0,1.0,0.0,0.0,0.0,0
5,5,1.0,8.0,2.0,0.0,0.0,0.0,0
5,10,3.0,2.0,2.0,0.0,0.0,0.0,0
5,10,3.0,3.0,0.0,0.0,0.0,0.0,0
5,10,3.0,3.0,0.5,0.0,0.0,0.0,0
5,10,3.0,3.0,1.0,0.0,0.0,0.0,0
5,10,3.0,3.0,2.0,0.0,0.0,0.0,0
10,10,0.5,5.0,0.0,0.0,0.0,0.0,0
10,10,0.5,5.0,0.5,0.0,0.0,0.0,0
10,10,0.5,5.0,1.0,0.0,0.0,0.0,0
10,10,0.5,8.0,1.0,0.0,0.0,0.0,0
10,10,0.5,8.0,2.0,0.0,0.0,0.0,0
10,10,1.0,5.0,0.0,0.0,0.0,0.0,0
10,10,1.0,5.0,0.5,0.0,0.0,0.0,0
30,20,0.5,8.0,0.0,0.0,0.0,0.0,0
30,20,0.5,8.0,0.5,0.0,0.0,0.0,0
30,20,0.5,8.0,1.0,0.0,0.0,0.0,0
30,20,0.5,8.0,2.0,0.0,0.0,0.0,0
5,5,1.0,5.0,0.0,0.0,0.0,0.0,0
30,20,2.0,8.0,0.5,0.0,0.0,0.0,0
5,5,1.0,5.0,1.0,0.0,0.0,0.0,0
10,10,1.0,5.0,1.0,0.0,0.0,0.0,0
10,10,1.0,5.0,2.0,0.0,0.0,0.0,0
10,10,1.0,8.0,0.0,0.0,0.0,0.0,0
10,10,1.0,8.0,0.5,0.0,0.0,0.0,0
10,10,1.0,8.0,1.0,0.0,0.0,0.0,0
10,10,1.0,8.0,2.0,0.0,0.0,0.0,0
10,10,1.5,5.0,0.0,0.0,0.0,0.0,0
10,10,1.5,5.0,0.5,0.0,0.0,0.0,0
10,10,1.5,5.0,1.0,0.0,0.0,0.0,0
10,10,1.5,5.0,2.0,0.0,0.0,0.0,0
10,10,0.5,5.0,2.0,0.0,0.0,0.0,0
10,10,0.5,8.0,0.0,0.0,0.0,0.0,0
10,10,0.5,8.0,0.5,0.0,0.0,0.0,0
30,10,3.0,8.0,1.0,0.0,0.0,0.0,0
30,10,3.0,8.0,2.0,0.0,0.0,0.0,0
10,10,1.5,8.0,0.0,0.0,0.0,0.0,0
10,10,1.5,8.0,0.5,0.0,0.0,0.0,0
10,10,1.5,8.0,1.0,0.0,0.0,0.0,0
10,10,1.5,8.0,2.0,0.0,0.0,0.0,0
5,10,2.0,3.0,0.0,0.0,0.0,0.0,0
5,10,2.0,3.0,0.5,0.0,0.0,0.0,0
5,10,2.0,3.0,1.0,0.0,0.0,0.0,0
10,5,1.5,8.0,0.5,0.0,0.0,0.0,0
10,5,1.5,8.0,1.0,0.0,0.0,0.0,0
10,5,1.5,8.0,2.0,0.0,0.0,0.0,0
10,5,2.0,3.0,0.0,0.0,0.0,0.0,0
10,5,2.0,3.0,0.5,0.0,0.0,0.0,0
10,5,2.0,3.0,1.0,0.0,0.0,0.0,0
10,5,2.0,3.0,2.0,0.0,0.0,0.0,0
10,5,2.0,5.0,0.0,0.0,0.0,0.0,0
10,5,2.0,5.0,0.5,0.0,0.0,0.0,0
10,5,2.0,5.0,1.0,0.0,0.0,0.0,0
10,5,2.0,5.0,2.0,0.0,0.0,0.0,0
10,5,2.0,8.0,0.0,0.0,0.0,0.0,0
10,5,2.0,8.0,0.5,0.0,0.0,0.0,0
10,5,2.0,8.0,1.0,0.0,0.0,0.0,0
5,10,2.0,3.0,2.0,0.0,0.0,0.0,0
5,10,2.0,5.0,0.0,0.0,0.0,0.0,0
5,10,2.0,5.0,0.5,0.0,0.0,0.0,0
10,10,2.0,5.0,0.0,0.0,0.0,0.0,0
10,10,2.0,5.0,0.5,0.0,0.0,0.0,0
10,10,2.0,5.0,1.0,0.0,0.0,0.0,0
10,10,2.0,5.0,2.0,0.0,0.0,0.0,0
10,10,2.0,8.0,0.0,0.0,0.0,0.0,0
10,10,2.0,8.0,0.5,0.0,0.0,0.0,0
10,10,2.0,8.0,1.0,0.0,0.0,0.0,0
10,10,2.0,8.0,2.0,0.0,0.0,0.0,0
30,10,3.0,5.0,0.0,0.0,0.0,0.0,0
30,10,3.0,5.0,0.5,0.0,0.0,0.0,0
30,10,3.0,5.0,1.0,0.0,0.0,0.0,0
30,10,3.0,5.0,2.0,0.0,0.0,0.0,0
30,10,3.0,8.0,0.0,0.0,0.0,0.0,0
30,10,3.0,8.0,0.5,0.0,0.0,0.0,0
10,10,3.0,3.0,0.0,0.0,0.0,0.0,0
10,10,3.0,3.0,0.5,0.0,0.0,0.0,0
10,10,3.0,3.0,1.0,0.0,0.0,0.0,0
10,10,3.0,3.0,2.0,0.0,0.0,0.0,0
10,10,3.0,5.0,0.0,0.0,0.0,0.0,0
10,10,3.0,5.0,0.5,0.0,0.0,0.0,0
10,10,3.0,5.0,1.0,0.0,0.0,0.0,0
10,10,3.0,5.0,2.0,0.0,0.0,0.0,0
10,10,3.0,8.0,0.0,0.0,0.0,0.0,0
10,10,3.0,8.0,0.5,0.0,0.0,0.0,0
10,5,1.5,5.0,0.0,0.0,0.0,0.0,0
10,5,1.5,5.0,0.5,0.0,0.0,0.0,0
10,5,1.5,5.0,1.0,0.0,0.0,0.0,0
10,5,1.5,5.0,2.0,0.0,0.0,0.0,0
10,5,1.5,8.0,0.0,0.0,0.0,0.0,0
5,10,2.0,5.0,1.0,0.0,0.0,0.0,0
5,10,2.0,5.0,2.0,0.0,0.0,0.0,0
5,5,1.0,5.0,0.5,0.0,0.0,0.0,0
10,10,3.0,8.0,1.0,0.0,0.0,0.0,0
10,10,3.0,8.0,2.0,0.0,0.0,0.0,0
10,20,0.5,5.0,0.0,0.0,0.0,0.0,0
10,20,0.5,5.0,0.5,0.0,0.0,0.0,0
10,20,0.5,5.0,1.0,0.0,0.0,0.0,0
10,20,0.5,5.0,2.0,0.0,0.0,0.0,0
10,20,0.5,8.0,0.0,0.0,0.0,0.0,0
10,20,0.5,8.0,0.5,0.0,0.0,0.0,0
10,20,1.0,5.0,0.0,0.0,0.0,0.0,0
10,20,1.0,5.0,0.5,0.0,0.0,0.0,0
10,20,1.0,5.0,1.0,0.0,0.0,0.0,0
10,20,1.0,5.0,2.0,0.0,0.0,0.0,0
10,20,1.0,8.0,0.0,0.0,0.0,0.0,0
10,20,1.0,8.0,0.5,0.0,0.0,0.0,0
30,10,2.0,8.0,0.0,0.0,0.0,0.0,0
30,10,2.0,8.0,0.5,0.0,0.0,0.0,0
30,10,2.0,8.0,1.0,0.0,0.0,0.0,0
30,10,2.0,8.0,2.0,0.0,0.0,0.0,0
30,20,1.0,8.0,2.0,0.0,0.0,0.0,0
10,5,1.0,5.0,0.0,0.0,0.0,0.0,0
10,5,1.0,5.0,0.5,0.0,0.0,0.0,0
10,5,1.0,5.0,1.0,0.0,0.0,0.0,0
10,5,1.0,5.0,2.0,0.0,0.0,0.0,0
10,5,1.0,8.0,0.0,0.0,0.0,0.0,0
10,5,1.0,8.0,0.5,0.0,0.0,0.0,0
10,5,1.0,8.0,1.0,0.0,0.0,0.0,0
10,5,1.0,8.0,2.0,0.0,0.0,0.0,0
10,20,1.0,8.0,1.0,0.0,0.0,0.0,0
10,20,1.0,8.0,2.0,0.0,0.0,0.0,0
5,10,1.5,3.0,0.0,0.0,0.0,0.0,0
5,10,1.5,3.0,0.5,0.0,0.0,0.0,0
5,10,1.5,3.0,1.0,0.0,0.0,0.0,0
5,10,1.5,3.0,2.0,0.0,0.0,0.0,0
5,10,1.5,5.0,0.0,0.0,0.0,0.0,0
5,10,1.5,5.0,0.5,0.0,0.0,0.0,0
5,10,1.5,5.0,1.0,0.0,0.0,0.0,0
5,10,1.5,5.0,2.0,0.0,0.0,0.0,0
5,10,1.5,8.0,0.0,0.0,0.0,0.0,0
5,10,1.5,8.0,0.5,0.0,0.0,0.0,0
10,20,0.5,8.0,1.0,0.0,0.0,0.0,0
10,20,0.5,8.0,2.0,0.0,0.0,0.0,0
5,10,1.5,8.0,1.0,0.0,0.0,0.0,0
5,10,1.5,8.0,2.0,0.0,0.0,0.0,0
10,20,1.5,5.0,0.0,0.0,0.0,0.0,0
10,20,1.5,5.0,0.5,0.0,0.0,0.0,0
10,20,1.5,5.0,1.0,0.0,0.0,0.0,0
10,20,1.5,5.0,2.0,0.0,0.0,0.0,0
10,20,1.5,8.0,0.0,0.0,0.0,0.0,0
10,20,1.5,8.0,0.5,0.0,0.0,0.0,0
10,20,1.5,8.0,1.0,0.0,0.0,0.0,0
10,20,1.5,8.0,2.0,0.0,0.0,0.0,0
10,20,2.0,5.0,1.0,0.0,0.0,0.0,0
10,20,2.0,5.0,2.0,0.0,0.0,0.0,0
10,20,2.0,8.0,0.0,0.0,0.0,0.0,0
10,20,2.0,8.0,0.5,0.0,0.0,0.0,0
10,20,2.0,8.0,1.0,0.0,0.0,0.0,0
10,20,2.0,8.0,2.0,0.0,0.0,0.0,0
10,20,3.0,1.0,0.0,0.0,0.0,0.0,0
10,20,3.0,1.0,0.5,0.0,0.0,0.0,0
30,10,1.5,8.0,0.0,0.0,0.0,0.0,0
30,10,1.5,8.0,0.5,0.0,0.0,0.0,0
30,10,1.5,8.0,1.0,0.0,0.0,0.0,0
30,10,1.5,8.0,2.0,0.0,0.0,0.0,0
10,20,3.0,3.0,0.0,0.0,0.0,0.0,0
10,20,3.0,3.0,0.5,0.0,0.0,0.0,0
10,20,3.0,3.0,1.0,0.0,0.0,0.0,0
10,20,3.0,3.0,2.0,0.0,0.0,0.0,0
10,20,3.0,5.0,0.0,0.0,0.0,0.0,0
10,20,3.0,5.0,0.5,0.0,0.0,0.0,0
10,20,3.0,5.0,1.0,0.0,0.0,0.0,0
10,20,3.0,5.0,2.0,0.0,0.0,0.0,0
10,20,3.0,8.0,0.0,0.0,0.0,0.0,0
10,20,3.0,8.0,0.5,0.0,0.0,0.0,0
10,20,2.0,3.0,0.0,0.0,0.0,0.0,0
10,20,2.0,3.0,0.5,0.0,0.0,0.0,0
10,20,2.0,3.0,1.0,0.0,0.0,0.0,0
10,20,2.0,3.0,2.0,0.0,0.0,0.0,0
10,20,2.0,5.0,0.0,0.0,0.0,0.0,0
10,20,2.0,5.0,0.5,0.0,0.0,0.0,0
5,10,1.0,8.0,2.0,0.0,0.0,0.0,0
10,20,3.0,8.0,1.0,0.0,0.0,0.0,0
10,20,3.0,8.0,2.0,0.0,0.0,0.0,0
20,5,0.5,8.0,0.0,0.0,0.0,0.0,0
20,5,0.5,8.0,0.5,0.0,0.0,0.0,0
20,5,0.5,8.0,1.0,0.0,0.0,0.0,0
10,20,3.0,1.0,1.0,0.0,0.0,0.0,0
10,20,3.0,1.0,2.0,0.0,0.0,0.0,0
10,20,3.0,2.0,0.0,0.0,0.0,0.0,0
5,20,3.0,8.0,0.0,0.0,0.0,0.0,0
5,20,3.0,8.0,0.5,0.0,0.0,0.0,0
5,20,3.0,8.0,1.0,0.0,0.0,0.0,0
10,5,0.5,5.0,0.0,0.0,0.0,0.0,0
10,5,0.5,5.0,0.5,0.0,0.0,0.0,0
10,5,0.5,5.0,1.0,0.0,0.0,0.0,0
10,5,0.5,5.0,2.0,0.0,0.0,0.0,0
10,5,0.5,8.0,0.0,0.0,0.0,0.0,0
10,5,0.5,8.0,0.5,0.0,0.0,0.0,0
10,5,0.5,8.0,1.0,0.0,0.0,0.0,0
10,5,0.5,8.0,2.0,0.0,0.0,0.0,0
30,20,1.0,8.0,0.0,0.0,0.0,0.0,0
30,20,1.0,8.0,0.5,0.0,0.0,0.0,0
30,20,1.0,8.0,1.0,0.0,0.0,0.0,0
10,20,3.0,2.0,0.5,0.0,0.0,0.0,0
10,20,3.0,2.0,1.0,0.0,0.0,0.0,0
10,20,3.0,2.0,2.0,0.0,0.0,0.0,0
20,5,0.5,8.0,2.0,0.0,0.0,0.0,0
5,10,1.0,3.0,0.0,0.0,0.0,0.0,0
5,10,1.0,3.0,0.5,0.0,0.0,0.0,0
5,10,1.0,3.0,1.0,0.0,0.0,0.0,0
5,10,1.0,3.0,2.0,0.0,0.0,0.0,0
5,10,1.0,5.0,0.0,0.0,0.0,0.0,0
5,10,1.0,5.0,0.5,0.0,0.0,0.0,0
5,10,1.0,5.0,1.0,0.0,0.0,0.0,0
5,10,1.0,5.0,2.0,0.0,0.0,0.0,0
5,10,1.0,8.0,0.0,0.0,0.0,0.0,0
5,10,1.0,8.0,0.5,0.0,0.0,0.0,0
5,10,1.0,8.0,1.0,0.0,0.0,0.0,0
20,5,1.0,8.0,0.0,0.0,0.0,0.0,0
20,5,1.0,8.0,0.5,0.0,0.0,0.0,0
20,5,1.0,8.0,1.0,0.0,0.0,0.0,0
20,5,1.0,8.0,2.0,0.0,0.0,0.0,0
5,5,1.5,8.0,2.0,0.0,0.0,0.0,0
30,10,1.5,1.0,1.0,0.0,0.0,-346.0,3
5,20,3.0,2.0,0.0,0.0,0.0,0.0,0
5,20,3.0,2.0,0.5,0.0,0.0,0.0,0
5,20,3.0,2.0,1.0,0.0,0.0,0.0,0
30,20,1.5,8.0,0.0,0.0,0.0,0.0,0
30,20,1.5,8.0,0.5,0.0,0.0,0.0,0
5,20,3.0,3.0,0.5,0.0,0.0,0.0,0
5,20,3.0,3.0,1.0,0.0,0.0,0.0,0
5,20,3.0,3.0,2.0,0.0,0.0,0.0,0
5,20,3.0,5.0,0.0,0.0,0.0,0.0,0
5,20,3.0,5.0,0.5,0.0,0.0,0.0,0
5,20,3.0,5.0,1.0,0.0,0.0,0.0,0
5,20,3.0,5.0,2.0,0.0,0.0,0.0,0
5,5,1.5,8.0,0.0,0.0,0.0,0.0,0
5,5,1.5,8.0,0.5,0.0,0.0,0.0,0
5,5,1.5,8.0,1.0,0.0,0.0,0.0,0
5,5,2.0,3.0,0.5,0.0,0.0,0.0,0
20,5,1.5,8.0,0.0,0.0,0.0,0.0,0
20,5,1.5,8.0,0.5,0.0,0.0,0.0,0
20,5,1.5,8.0,1.0,0.0,0.0,0.0,0
20,5,1.5,8.0,2.0,0.0,0.0,0.0,0
20,5,2.0,5.0,2.0,0.0,0.0,0.0,0
20,5,2.0,8.0,0.0,0.0,0.0,0.0,0
20,5,2.0,8.0,0.5,0.0,0.0,0.0,0
20,5,2.0,8.0,1.0,0.0,0.0,0.0,0
30,10,1.0,8.0,0.0,0.0,0.0,0.0,0
30,10,1.0,8.0,0.5,0.0,0.0,0.0,0
30,10,1.0,8.0,1.0,0.0,0.0,0.0,0
30,10,1.0,8.0,2.0,0.0,0.0,0.0,0
5,5,1.5,3.0,0.0,0.0,0.0,0.0,0
5,5,1.5,3.0,0.5,0.0,0.0,0.0,0
5,5,1.5,3.0,1.0,0.0,0.0,0.0,0
5,5,1.5,3.0,2.0,0.0,0.0,0.0,0
5,5,1.5,5.0,0.0,0.0,0.0,0.0,0
5,5,1.5,5.0,0.5,0.0,0.0,0.0,0
5,5,1.5,5.0,1.0,0.0,0.0,0.0,0
5,5,1.5,5.0,2.0,0.0,0.0,0.0,0
20,5,3.0,2.0,2.0,0.0,0.0,0.0,0
20,5,3.0,3.0,0.0,0.0,0.0,0.0,0
20,5,3.0,3.0,0.5,0.0,0.0,0.0,0
20,5,3.0,3.0,1.0,0.0,0.0,0.0,0
20,5,3.0,3.0,2.0,0.0,0.0,0.0,0
20,5,3.0,5.0,0.0,0.0,0.0,0.0,0
20,5,3.0,5.0,0.5,0.0,0.0,0.0,0
20,5,3.0,5.0,1.0,0.0,0.0,0.0,0
30,5,1.5,8.0,0.5,0.0,0.0,0.0,0
20,5,2.0,5.0,0.0,0.0,0.0,0.0,0
20,5,2.0,5.0,0.5,0.0,0.0,0.0,0
20,5,2.0,5.0,1.0,0.0,0.0,0.0,0
20,5,3.0,8.0,0.5,0.0,0.0,0.0,0
20,5,3.0,8.0,1.0,0.0,0.0,0.0,0
20,5,3.0,8.0,2.0,0.0,0.0,0.0,0
30,5,0.5,8.0,2.0,0.0,0.0,0.0,0
20,5,2.0,8.0,2.0,0.0,0.0,0.0,0
20,5,3.0,1.0,0.0,0.0,0.0,0.0,0
20,5,3.0,1.0,0.5,0.0,0.0,0.0,0
20,5,3.0,1.0,1.0,0.0,0.0,0.0,0
20,5,3.0,1.0,2.0,0.0,0.0,0.0,0
20,5,3.0,2.0,0.0,0.0,0.0,0.0,0
20,5,3.0,2.0,0.5,0.0,0.0,0.0,0
20,5,3.0,2.0,1.0,0.0,0.0,0.0,0
20,10,0.5,8.0,0.0,0.0,0.0,0.0,0
20,10,0.5,8.0,0.5,0.0,0.0,0.0,0
20,10,0.5,8.0,1.0,0.0,0.0,0.0,0
20,10,0.5,8.0,2.0,0.0,0.0,0.0,0
5,10,0.5,5.0,0.0,0.0,0.0,0.0,0
5,10,0.5,5.0,0.5,0.0,0.0,0.0,0
5,10,0.5,5.0,1.0,0.0,0.0,0.0,0
5,10,0.5,5.0,2.0,0.0,0.0,0.0,0
5,10,0.5,8.0,0.0,0.0,0.0,0.0,0
5,10,0.5,8.0,0.5,0.0,0.0,0.0,0
5,10,0.5,8.0,1.0,0.0,0.0,0.0,0
5,10,0.5,8.0,2.0,0.0,0.0,0.0,0
5,20,2.0,3.0,0.0,0.0,0.0,0.0,0
5,20,2.0,3.0,0.5,0.0,0.0,0.0,0
5,20,2.0,3.0,1.0,0.0,0.0,0.0,0
5,20,3.0,8.0,2.0,0.0,0.0,0.0,0
5,20,2.0,5.0,0.5,0.0,0.0,0.0,0
5,20,2.0,5.0,1.0,0.0,0.0,0.0,0
5,20,2.0,5.0,2.0,0.0,0.0,0.0,0
5,20,2.0,8.0,0.0,0.0,0.0,0.0,0
5,20,2.0,8.0,0.5,0.0,0.0,0.0,0
5,20,2.0,8.0,1.0,0.0,0.0,0.0,0
5,20,2.0,8.0,2.0,0.0,0.0,0.0,0
5,20,3.0,1.0,0.0,0.0,0.0,0.0,0
5,20,3.0,1.0,0.5,0.0,0.0,0.0,0
5,20,3.0,1.0,1.0,0.0,0.0,0.0,0
5,20,3.0,1.0,2.0,0.0,0.0,0.0,0
20,5,3.0,5.0,2.0,0.0,0.0,0.0,0
20,5,3.0,8.0,0.0,0.0,0.0,0.0,0
30,10,0.5,8.0,2.0,0.0,0.0,0.0,0
5,10,3.0,5.0,0.0,0.0,0.0,0.0,0
5,10,3.0,5.0,0.5,0.0,0.0,0.0,0
5,10,3.0,5.0,1.0,0.0,0.0,0.0,0
5,10,3.0,5.0,2.0,0.0,0.0,0.0,0
20,10,2.0,5.0,2.0,0.0,0.0,0.0,0
20,10,2.0,8.0,0.0,0.0,0.0,0.0,0
20,10,1.0,8.0,0.0,0.0,0.0,0.0,0
20,10,1.0,8.0,0.5,0.0,0.0,0.0,0
20,10,1.0,8.0,1.0,0.0,0.0,0.0,0
20,10,1.0,8.0,2.0,0.0,0.0,0.0,0
5,10,3.0,8.0,0.0,0.0,0.0,0.0,0
5,10,3.0,8.0,0.5,0.0,0.0,0.0,0
5,20,1.5,5.0,0.5,0.0,0.0,0.0,0
5,20,1.5,5.0,1.0,0.0,0.0,0.0,0
5,20,1.5,5.0,2.0,0.0,0.0,0.0,0
5,20,3.0,2.0,2.0,0.0,0.0,0.0,0
5,20,3.0,3.0,0.0,0.0,0.0,0.0,0
5,20,1.5,8.0,0.5,0.0,0.0,0.0,0
5,20,1.5,8.0,1.0,0.0,0.0,0.0,0
5,20,1.5,8.0,2.0,0.0,0.0,0.0,0
5,20,2.0,1.0,0.0,0.0,0.0,0.0,0
5,20,2.0,1.0,0.5,0.0,0.0,0.0,0
5,20,2.0,1.0,1.0,0.0,0.0,0.0,0
5,20,2.0,1.0,2.0,0.0,0.0,0.0,0
5,20,2.0,2.0,0.0,0.0,0.0,0.0,0
5,20,2.0,2.0,0.5,0.0,0.0,0.0,0
5,20,2.0,2.0,1.0,0.0,0.0,0.0,0
5,20,2.0,2.0,2.0,0.0,0.0,0.0,0
30,10,0.5,8.0,0.0,0.0,0.0,0.0,0
30,10,0.5,8.0,0.5,0.0,0.0,0.0,0
30,10,0.5,8.0,1.0,0.0,0.0,0.0,0
30,5,3.0,8.0,0.5,0.0,0.0,0.0,0
30,5,3.0,8.0,1.0,0.0,0.0,0.0,0
30,5,3.0,8.0,2.0,0.0,0.0,0.0,0
5,10,3.0,8.0,1.0,0.0,0.0,0.0,0
20,10,1.5,8.0,0.0,0.0,0.0,0.0,0
20,10,1.5,8.0,0.5,0.0,0.0,0.0,0
20,10,1.5,8.0,1.0,0.0,0.0,0.0,0
20,10,1.5,8.0,2.0,0.0,0.0,0.0,0
20,10,2.0,5.0,0.0,0.0,0.0,0.0,0
20,10,2.0,5.0,0.5,0.0,0.0,0.0,0
20,10,2.0,5.0,1.0,0.0,0.0,0.0,0
20,10,2.0,8.0,0.5,0.0,0.0,0.0,0
20,10,2.0,8.0,1.0,0.0,0.0,0.0,0
20,10,2.0,8.0,2.0,0.0,0.0,0.0,0
20,10,3.0,5.0,0.0,0.0,0.0,0.0,0
30,5,3.0,5.0,1.0,0.0,0.0,0.0,0
30,5,3.0,5.0,2.0,0.0,0.0,0.0,0
30,5,3.0,8.0,0.0,0.0,0.0,0.0,0
30,5,3.0,3.0,2.0,0.0,0.0,0.0,0
30,5,3.0,5.0,0.0,0.0,0.0,0.0,0
30,5,3.0,5.0,0.5,0.0,0.0,0.0,0
20,10,3.0,5.0,0.5,0.0,0.0,0.0,0
20,10,3.0,5.0,1.0,0.0,0.0,0.0,0
20,10,3.0,5.0,2.0,0.0,0.0,0.0,0
20,10,3.0,8.0,0.0,0.0,0.0,0.0,0
20,10,3.0,8.0,0.5,0.0,0.0,0.0,0
20,10,3.0,8.0,1.0,0.0,0.0,0.0,0
20,10,3.0,8.0,2.0,0.0,0.0,0.0,0
5,5,3.0,8.0,0.0,0.0,0.0,0.0,0
5,5,3.0,8.0,0.5,0.0,0.0,0.0,0
5,5,3.0,8.0,1.0,0.0,0.0,0.0,0
5,20,0.5,8.0,0.5,0.0,0.0,0.0,0
5,20,0.5,8.0,1.0,0.0,0.0,0.0,0
5,20,0.5,8.0,2.0,0.0,0.0,0.0,0
5,20,2.0,3.0,2.0,0.0,0.0,0.0,0
5,20,2.0,5.0,0.0,0.0,0.0,0.0,0
5,20,1.0,8.0,2.0,0.0,0.0,0.0,0
5,10,3.0,8.0,2.0,0.0,0.0,0.0,0
30,20,3.0,3.0,1.0,0.0,0.0,0.0,0
5,20,1.5,3.0,0.0,0.0,0.0,0.0,0
5,20,1.5,3.0,0.5,0.0,0.0,0.0,0
5,20,1.5,3.0,1.0,0.0,0.0,0.0,0
5,20,1.5,3.0,2.0,0.0,0.0,0.0,0
5,20,1.5,5.0,0.0,0.0,0.0,0.0,0
5,5,3.0,8.0,2.0,0.0,0.0,0.0,0
20,20,0.5,8.0,0.0,0.0,0.0,0.0,0
20,20,0.5,8.0,0.5,0.0,0.0,0.0,0
30,5,2.0,8.0,1.0,0.0,0.0,0.0,0
30,5,2.0,8.0,2.0,0.0,0.0,0.0,0
30,5,3.0,1.0,0.0,0.0,0.0,0.0,0
30,5,3.0,1.0,0.5,0.0,0.0,0.0,0
30,5,3.0,1.0,1.0,0.0,0.0,0.0,0
30,5,3.0,1.0,2.0,0.0,0.0,0.0,0
30,5,3.0,2.0,0.0,0.0,0.0,0.0,0
30,5,3.0,2.0,0.5,0.0,0.0,0.0,0
30,5,3.0,2.0,1.0,0.0,0.0,0.0,0
30,5,3.0,2.0,2.0,0.0,0.0,0.0,0
30,5,3.0,3.0,0.0,0.0,0.0,0.0,0
30,5,3.0,3.0,0.5,0.0,0.0,0.0,0
30,5,3.0,3.0,1.0,0.0,0.0,0.0,0
30,20,3.0,3.0,2.0,0.0,0.0,0.0,0
30,5,2.0,8.0,0.0,0.0,0.0,0.0,0
30,5,2.0,8.0,0.5,0.0,0.0,0.0,0
20,20,0.5,8.0,1.0,0.0,0.0,0.0,0
20,20,0.5,8.0,2.0,0.0,0.0,0.0,0
30,20,3.0,5.0,0.0,0.0,0.0,0.0,0
20,20,1.0,8.0,0.0,0.0,0.0,0.0,0
5,5,2.0,2.0,2.0,0.0,0.0,0.0,0
30,20,3.0,5.0,0.5,0.0,0.0,0.0,0
30,20,3.0,5.0,1.0,0.0,0.0,0.0,0
30,20,3.0,5.0,2.0,0.0,0.0,0.0,0
5,20,1.5,8.0,0.0,0.0,0.0,0.0,0
30,20,2.0,8.0,0.0,0.0,0.0,0.0,0
5,20,1.0,5.0,0.0,0.0,0.0,0.0,0
5,20,1.0,5.0,0.5,0.0,0.0,0.0,0
5,20,1.0,5.0,1.0,0.0,0.0,0.0,0
5,20,1.0,5.0,2.0,0.0,0.0,0.0,0
5,20,1.0,8.0,0.0,0.0,0.0,0.0,0
5,20,1.0,8.0,0.5,0.0,0.0,0.0,0
5,20,1.0,8.0,1.0,0.0,0.0,0.0,0
5,20,0.5,8.0,0.0,0.0,0.0,0.0,0
30,20,1.5,8.0,1.0,0.0,0.0,0.0,0
30,20,1.5,8.0,2.0,0.0,0.0,0.0,0
20,20,1.5,8.0,0.0,0.0,0.0,0.0,0
20,20,1.5,8.0,0.5,0.0,0.0,0.0,0
20,20,1.5,8.0,1.0,0.0,0.0,0.0,0
5,5,2.0,8.0,1.0,0.0,0.0,0.0,0
5,5,2.0,8.0,2.0,0.0,0.0,0.0,0
10,5,3.0,5.0,0.0,0.0,0.0,0.0,0
5,5,3.0,1.0,0.0,0.0,0.0,0.0,0
5,5,3.0,1.0,0.5,0.0,0.0,0.0,0
5,5,3.0,1.0,1.0,0.0,0.0,0.0,0
5,5,3.0,1.0,2.0,0.0,0.0,0.0,0
5,5,3.0,2.0,0.0,0.0,0.0,0.0,0
5,5,3.0,2.0,0.5,0.0,0.0,0.0,0
5,5,3.0,2.0,1.0,0.0,0.0,0.0,0
5,5,3.0,2.0,2.0,0.0,0.0,0.0,0
5,5,3.0,3.0,0.0,0.0,0.0,0.0,0
5,5,3.0,3.0,0.5,0.0,0.0,0.0,0
5,5,3.0,3.0,1.0,0.0,0.0,0.0,0
5,5,3.0,3.0,2.0,0.0,0.0,0.0,0
5,5,3.0,5.0,0.0,0.0,0.0,0.0,0
20,20,1.0,8.0,0.5,0.0,0.0,0.0,0
20,20,1.0,8.0,1.0,0.0,0.0,0.0,0
20,20,1.0,8.0,2.0,0.0,0.0,0.0,0
5,5,3.0,5.0,0.5,0.0,0.0,0.0,0
5,5,3.0,5.0,1.0,0.0,0.0,0.0,0
5,5,3.0,5.0,2.0,0.0,0.0,0.0,0
20,20,2.0,5.0,0.0,0.0,0.0,0.0,0
20,20,2.0,5.0,0.5,0.0,0.0,0.0,0
20,20,2.0,5.0,1.0,0.0,0.0,0.0,0
20,20,2.0,5.0,2.0,0.0,0.0,0.0,0
20,20,2.0,8.0,0.0,0.0,0.0,0.0,0
20,20,2.0,8.0,0.5,0.0,0.0,0.0,0
20,20,2.0,8.0,1.0,0.0,0.0,0.0,0
20,20,2.0,8.0,2.0,0.0,0.0,0.0,0
20,20,3.0,1.0,0.0,0.0,0.0,0.0,0
20,20,1.5,8.0,2.0,0.0,0.0,0.0,0
20,20,3.0,1.0,0.5,0.0,0.0,0.0,0
20,20,3.0,1.0,1.0,0.0,0.0,0.0,0
20,20,3.0,1.0,2.0,0.0,0.0,0.0,0
20,20,3.0,2.0,0.0,0.0,0.0,0.0,0
20,20,3.0,2.0,0.5,0.0,0.0,0.0,0
20,20,3.0,2.0,1.0,0.0,0.0,0.0,0
20,20,3.0,2.0,2.0,0.0,0.0,0.0,0
20,20,3.0,3.0,0.0,0.0,0.0,0.0,0
20,20,3.0,3.0,0.5,0.0,0.0,0.0,0
20,20,3.0,3.0,1.0,0.0,0.0,0.0,0
20,20,3.0,3.0,2.0,0.0,0.0,0.0,0
20,20,3.0,5.0,0.0,0.0,0.0,0.0,0
20,20,3.0,5.0,0.5,0.0,0.0,0.0,0
20,20,3.0,5.0,1.0,0.0,0.0,0.0,0
20,20,3.0,5.0,2.0,0.0,0.0,0.0,0
20,20,3.0,8.0,0.0,0.0,0.0,0.0,0
5,5,2.0,3.0,1.0,0.0,0.0,0.0,0
5,5,2.0,3.0,2.0,0.0,0.0,0.0,0
5,5,2.0,5.0,0.0,0.0,0.0,0.0,0
5,5,2.0,5.0,0.5,0.0,0.0,0.0,0
5,5,2.0,5.0,1.0,0.0,0.0,0.0,0
5,5,2.0,5.0,2.0,0.0,0.0,0.0,0
5,5,2.0,8.0,0.0,0.0,0.0,0.0,0
5,5,2.0,8.0,0.5,0.0,0.0,0.0,0
20,20,3.0,8.0,0.5,0.0,0.0,0.0,0
20,20,3.0,8.0,1.0,0.0,0.0,0.0,0
20,20,3.0,8.0,2.0,0.0,0.0,0.0,0
10,5,3.0,5.0,0.5,0.0,0.0,0.0,0
30,5,0.5,8.0,0.0,0.0,0.0,0.0,0
30,5,0.5,8.0,0.5,0.0,0.0,0.0,0
30,5,0.5,8.0,1.0,0.0,0.0,0.0,0
10,5,3.0,5.0,1.0,0.0,0.0,0.0,0
30,5,1.0,8.0,0.0,0.0,0.0,0.0,0
30,5,1.0,8.0,0.5,0.0,0.0,0.0,0
30,5,1.5,8.0,1.0,0.0,0.0,0.0,0
30,5,1.5,8.0,2.0,0.0,0.0,0.0,0
5,5,2.0,2.0,0.0,0.0,0.0,0.0,0
5,5,2.0,2.0,0.5,0.0,0.0,0.0,0
5,5,2.0,2.0,1.0,0.0,0.0,0.0,0
5,5,0.5,8.0,1.0,0.0,0.0,0.0,0
5,5,0.5,8.0,2.0,0.0,0.0,0.0,0
10,5,3.0,5.0,2.0,0.0,0.0,0.0,0
5,5,0.5,5.0,0.0,0.0,0.0,0.0,0
5,5,0.5,5.0,0.5,0.0,0.0,0.0,0
5,5,0.5,5.0,1.0,0.0,0.0,0.0,0
5,5,0.5,5.0,2.0,0.0,0.0,0.0,0
30,20,3.0,3.0,0.0,0.0,0.0,0.0,0
30,20,3.0,3.0,0.5,0.0,0.0,0.0,0
5,5,1.0,3.0,0.0,0.0,0.0,0.0,0
5,5,1.0,3.0,0.5,0.0,0.0,0.0,0
5,5,1.0,3.0,1.0,0.0,0.0,0.0,0
5,5,1.0,3.0,2.0,0.0,0.0,0.0,0
5,5,0.5,8.0,0.0,0.0,0.0,0.0,0
5,5,0.5,8.0,0.5,0.0,0.0,0.0,0
5,20,0.5,5.0,2.0,0.0,0.0,0.0,0
30,5,1.5,8.0,0.0,0.0,0.0,0.0,0
30,20,2.0,8.0,1.0,0.0,0.0,0.0,0
30,20,2.0,8.0,2.0,0.0,0.0,0.0,0
30,5,1.0,8.0,1.0,0.0,0.0,0.0,0
30,5,1.0,8.0,2.0,0.0,0.0,0.0,0
10,5,3.0,8.0,0.0,0.0,0.0,0.0,0
10,5,3.0,8.0,0.5,0.0,0.0,0.0,0
30,20,3.0,8.0,0.0,0.0,0.0,0.0,0
30,20,3.0,8.0,0.5,0.0,0.0,0.0,0
30,20,3.0,8.0,1.0,0.0,0.0,0.0,0
30,20,3.0,8.0,2.0,0.0,0.0,0.0,0
10,5,3.0,8.0,1.0,0.0,0.0,0.0,0
5,20,0.5,5.0,0.0,0.0,0.0,0.0,0
5,20,0.5,5.0,0.5,0.0,0.0,0.0,0
5,20,0.5,5.0,1.0,0.0,0.0,0.0,0
5,5,2.0,3.0,0.0,0.0,0.0,0.0,0
30,5,2.0,1.0,1.0,-4.0,-0.0034197347363817826,-190.0,1
30,20,2.0,5.0,1.0,-9.0,-0.010365317613151815,-163.0,1
20,5,2.0,3.0,1.0,-7.0,-0.012102207729782266,-178.0,0
30,20,3.0,1.0,0.0,-49.0,-0.013875662294673987,-315.0,-7
30,20,3.0,2.0,0.0,-49.0,-0.013875662294673987,-315.0,-7
30,5,2.0,2.0,1.0,-23.0,-0.020130857416199334,-209.0,1
10,10,3.0,1.0,0.5,-15.0,-0.022303889732350948,-150.0,-4
10,10,3.0,2.0,0.5,-15.0,-0.022303889732350948,-150.0,-4
20,5,1.5,1.0,1.0,-35.0,-0.02269685983005994,-229.0,2
5,5,2.0,1.0,0.0,-36.0,-0.027443792176092476,-270.0,-6
10,20,2.0,2.0,0.0,-36.0,-0.027443792176092476,-270.0,-6
10,20,2.0,1.0,0.0,-36.0,-0.027443792176092476,-270.0,-6
10,20,1.5,3.0,2.0,-6.0,-0.029843176261451918,-72.0,0
10,20,1.0,2.0,1.0,-36.0,-0.030745887032696876,-343.0,3
10,5,2.0,1.0,1.0,-23.0,-0.043927901574294825,-115.0,1
10,5,2.0,2.0,1.0,-23.0,-0.043927901574294825,-115.0,1
30,5,0.5,1.0,0.5,-151.0,-0.050933963008055694,-402.0,1
30,20,0.5,1.0,0.5,-144.0,-0.05141087802021744,-471.0,-3
10,10,1.0,2.0,1.0,-85.0,-0.05254511567321792,-510.0,2
5,5,1.0,2.0,1.0,-60.0,-0.0625982986377653,-307.0,1
30,10,1.5,5.0,2.0,-9.0,-0.0676118685518075,-120.0,0
30,5,1.0,3.0,1.0,-131.0,-0.06895505296399491,-378.0,2
20,20,1.0,3.0,1.0,-130.0,-0.0799541648779032,-382.0,2
30,20,1.0,3.0,1.0,-161.0,-0.08867910401211097,-398.0,2
5,10,1.0,1.0,1.0,-111.0,-0.11254810550991673,-365.0,1
30,10,1.0,3.0,1.0,-217.0,-0.11567456821813842,-450.0,2
30,10,0.5,1.0,0.5,-366.0,-0.12731447921057484,-583.0,-3
10,20,1.0,1.0,1.0,-235.0,-0.17815891962820635,-443.0,1
5,5,1.0,1.0,1.0,-188.0,-0.17936719999256956,-373.0,1
10,5,1.0,2.0,1.0,-315.0,-0.1806628195757855,-589.0,2
30,20,3.0,1.0,2.0,-155.0,-0.19997791015099334,-235.0,0
30,20,3.0,2.0,2.0,-155.0,-0.19997791015099334,-235.0,0
10,5,0.5,3.0,1.0,-277.0,-0.20889980899214,-425.0,1
10,10,1.0,1.0,1.0,-373.0,-0.23041972899261368,-682.0,1
30,5,1.5,2.0,1.0,-430.0,-0.23905854650369612,-597.0,2
10,20,0.5,3.0,1.0,-413.0,-0.26288672011206465,-563.0,0
10,10,0.5,3.0,1.0,-407.0,-0.26600625517148674,-623.0,1
20,20,1.0,2.0,1.0,-501.0,-0.2784210784571582,-706.0,-4
20,10,1.0,2.0,1.0,-556.0,-0.2839092396258932,-874.0,2
30,20,2.0,5.0,2.0,-125.0,-0.29755750213197707,-260.0,0
30,20,1.0,2.0,1.0,-674.0,-0.3281892700101817,-884.0,-4
5,5,0.5,2.0,1.0,-474.0,-0.3591309991871766,-618.0,1
5,10,0.5,2.0,1.0,-522.0,-0.37032711571538224,-625.0,1
20,20,1.0,1.0,1.0,-758.0,-0.4084184607498728,-955.0,-4
10,5,1.0,1.0,1.0,-758.0,-0.420560501774374,-926.0,0
30,5,1.5,1.0,1.0,-753.0,-0.42832784607427704,-920.0,2
20,5,0.5,3.0,1.0,-921.0,-0.45676543840502487,-1059.0,0
30,20,1.0,1.0,1.0,-944.0,-0.4584835696345776,-1128.0,2
10,20,2.0,2.0,2.0,-72.0,-0.4763323129425622,-124.0,0
10,20,2.0,1.0,2.0,-72.0,-0.4763323129425622,-124.0,0
30,5,0.5,3.0,1.0,-1018.0,-0.4793246146348995,-1124.0,0
20,10,0.5,3.0,1.0,-1044.0,-0.5332067945568749,-1159.0,1
10,10,3.0,1.0,2.0,-87.0,-0.539175382847588,-123.0,0
10,10,3.0,2.0,2.0,-87.0,-0.539175382847588,-123.0,0
20,10,1.0,1.0,1.0,-1062.0,-0.5489306864508704,-1264.0,2
30,10,1.0,2.0,1.0,-1179.0,-0.5634115607509628,-1306.0,2
20,20,0.5,3.0,1.0,-1135.0,-0.579615947760898,-1239.0,1
20,5,1.5,5.0,2.0,-387.0,-0.5810139476569921,-411.0,0
30,10,0.5,3.0,1.0,-1262.0,-0.5878624537560091,-1346.0,1
30,10,2.0,5.0,2.0,-390.0,-0.6056306374709536,-508.0,0
20,5,1.0,2.0,1.0,-1195.0,-0.619144689559228,-1349.0,4
30,20,0.5,3.0,1.0,-1327.0,-0.6217094764004001,-1411.0,1
30,5,2.0,5.0,2.0,-265.0,-0.6506910528570898,-347.5,0
20,5,1.0,5.0,2.0,-343.0,-0.6748967171837104,-389.0,0
30,10,1.0,1.0,1.0,-1674.0,-0.7839465146015865,-1801.0,2
20,10,1.5,5.0,2.0,-389.0,-0.7873615490947617,-422.0,0
5,20,1.5,1.0,2.0,-255.0,-0.8342433379490131,-350.0,0
30,5,1.0,2.0,1.0,-1728.0,-0.8400519382335011,-1812.0,1
20,10,3.0,3.0,2.0,-345.0,-0.8925311901318548,-345.0,0
20,10,3.0,1.0,2.0,-345.0,-0.8925311901318548,-345.0,0
20,10,3.0,2.0,2.0,-345.0,-0.8925311901318548,-345.0,0
5,20,0.5,2.0,1.0,-1329.0,-0.9442935227721837,-1364.0,1
20,20,2.0,3.0,2.0,-615.0,-0.9843889283135163,-655.0,0
5,10,2.0,2.0,2.0,-478.0,-0.9883580100823304,-549.0,-1
20,5,1.0,1.0,1.0,-1951.0,-1.018553511944594,-2055.0,4
10,10,2.0,3.0,2.0,-324.0,-1.0218989851256879,-364.0,0
30,20,2.0,3.0,2.0,-700.0,-1.0457524794607638,-824.0,0
20,10,1.0,5.0,2.0,-241.0,-1.0485938445419083,-245.0,0
30,5,1.5,5.0,2.0,-472.0,-1.0787097126155332,-568.0,0
20,20,1.0,5.0,2.0,-258.0,-1.1199275290446713,-262.0,0
20,10,0.5,5.0,2.0,-280.0,-1.2009881835198193,-284.0,0
20,20,0.5,5.0,2.0,-280.0,-1.2009881835198193,-284.0,0
20,5,0.5,5.0,2.0,-280.0,-1.2009881835198193,-284.0,0
20,20,2.0,1.0,2.0,-835.0,-1.2258971667533751,-875.0,0
20,20,2.0,2.0,2.0,-835.0,-1.2258971667533751,-875.0,0
30,10,3.0,3.0,2.0,-473.0,-1.2626739739323314,-473.0,0
30,5,1.0,1.0,1.0,-2779.0,-1.358057181195587,-2875.0,4
10,5,0.5,2.0,1.0,-2686.0,-1.404623745531443,-2818.0,2
10,10,0.5,2.0,1.0,-2841.0,-1.4639236362352468,-2952.0,-1
10,5,1.5,3.0,2.0,-538.0,-1.4898026434184175,-586.0,0
30,10,1.0,5.0,2.0,-800.0,-1.534807195896565,-874.0,0
30,10,3.0,1.0,2.0,-653.0,-1.5639685145515518,-660.0,0
30,10,3.0,2.0,2.0,-653.0,-1.5639685145515518,-660.0,0
20,20,1.5,5.0,2.0,-476.0,-1.5677547483847407,-521.0,0
30,20,1.5,5.0,2.0,-957.0,-1.666300726650461,-1065.0,0
20,5,0.5,2.0,1.0,-3436.0,-1.6713746808695449,-3518.0,0
30,20,2.0,2.0,2.0,-1399.0,-1.6744848106451256,-1487.0,0
30,10,0.5,5.0,2.0,-980.0,-1.7825210591429355,-1054.0,0
30,5,0.5,5.0,2.0,-980.0,-1.7825210591429355,-1054.0,0
30,20,0.5,5.0,2.0,-980.0,-1.7825210591429355,-1054.0,0
5,5,0.5,1.0,1.0,-2941.0,-1.8101451676173026,-3099.0,1
30,20,2.0,1.0,2.0,-1549.0,-1.811992113924863,-1646.0,1
10,20,0.5,2.0,1.0,-3563.0,-1.8271322009227233,-3666.0,-2
20,10,0.5,2.0,1.0,-3916.0,-1.8823792171013574,-3995.0,1
30,5,1.0,5.0,2.0,-1280.0,-1.9148081041236933,-1362.0,0
30,20,1.0,5.0,2.0,-1233.0,-1.934245983492151,-1307.0,0
30,5,0.5,2.0,1.0,-4157.0,-1.9532775361071217,-4225.0,0
20,5,2.0,3.0,2.0,-903.0,-2.0235052469218178,-923.0,0
10,5,2.0,2.0,2.0,-833.0,-2.039790457687056,-851.0,1
5,10,0.5,1.0,1.0,-3269.0,-2.098953186437932,-3329.0,2
30,10,0.5,2.0,1.0,-4595.0,-2.106333367850127,-4650.0,1
10,10,1.5,3.0,2.0,-1200.0,-2.1155386153323277,-1245.0,1
10,20,1.5,1.0,2.0,-1545.0,-2.1259545812548613,-1553.0,0
10,20,1.5,2.0,2.0,-1545.0,-2.1282123757919513,-1553.0,0
5,20,0.5,1.0,1.0,-3555.0,-2.2077391025158946,-3590.0,1
5,10,2.0,1.0,2.0,-1353.0,-2.2888389249541246,-1424.0,-1
30,20,0.5,2.0,1.0,-5069.0,-2.29549098820701,-5124.0,1
20,20,0.5,2.0,1.0,-4883.0,-2.3218887293389185,-4946.0,1
30,10,2.0,3.0,2.0,-2229.0,-2.3264202259329814,-2374.0,1
5,20,1.0,3.0,2.0,-360.0,-2.476952694256272,-376.0,0
10,5,0.5,1.0,1.0,-5356.0,-2.6245597435636654,-5475.0,2
10,10,0.5,1.0,1.0,-5301.0,-2.6273400091561427,-5407.0,1
10,20,0.5,1.0,1.0,-5249.0,-2.650686908730192,-5339.0,0
20,10,2.0,3.0,2.0,-2057.0,-2.7769079727812764,-2078.0,3
10,10,2.0,2.0,2.0,-2496.0,-2.8568492691774954,-2520.0,3
5,10,1.5,2.0,2.0,-1869.0,-2.8836307674067867,-1894.0,1
20,10,2.0,2.0,2.0,-2319.0,-2.939247931200976,-2340.0,3
20,20,1.5,3.0,2.0,-2838.0,-2.941449107628834,-2855.0,0
10,5,2.0,1.0,2.0,-1500.0,-2.9841810205669828,-1518.0,1
10,10,2.0,1.0,2.0,-2681.0,-3.0367895121548742,-2705.0,3
10,10,1.5,2.0,2.0,-1824.0,-3.0784904522883325,-1869.0,1
20,10,2.0,1.0,2.0,-2499.0,-3.1270343134826084,-2520.0,3
5,5,1.5,2.0,2.0,-1642.0,-3.127842473651334,-1726.0,0
20,10,1.5,3.0,2.0,-3353.0,-3.2638794988778446,-3404.0,1
5,10,1.5,1.0,2.0,-2410.0,-3.2645611786075017,-2435.0,1
20,10,0.5,1.0,1.0,-7373.0,-3.3138558345529354,-7437.0,1
30,5,2.0,3.0,2.0,-3202.0,-3.383959025191955,-3298.0,1
5,5,2.0,1.0,2.0,-1646.0,-3.401238918435234,-1678.0,1
30,20,0.5,1.0,1.0,-7640.0,-3.442598465398507,-7695.0,1
30,10,0.5,1.0,1.0,-8000.0,-3.5160792918912396,-8056.0,1
10,10,1.0,3.0,2.0,-2138.0,-3.5561265059447273,-2156.0,2
20,5,0.5,1.0,1.0,-7724.0,-3.6124448838955585,-7801.0,-1
20,20,0.5,1.0,1.0,-7914.0,-3.633209334966795,-7977.0,1
10,10,1.5,1.0,2.0,-2527.0,-3.858603803569325,-2572.0,1
30,5,0.5,1.0,1.0,-8614.0,-3.940833711731973,-8665.0,-1
20,20,1.5,2.0,2.0,-4804.0,-4.265005141427777,-4827.0,0
30,20,1.5,3.0,2.0,-4646.0,-4.285715329236742,-4736.0,2
5,5,0.5,3.0,2.0,-2564.0,-4.293675963247428,-2581.5,0
5,10,1.0,2.0,2.0,-2777.0,-4.388020940245716,-2795.0,2
20,20,1.5,1.0,2.0,-4977.0,-4.397937554126461,-4994.0,0
30,5,2.0,2.0,2.0,-4678.0,-4.475091221676843,-4774.0,1
30,10,2.0,2.0,2.0,-4140.0,-4.5167509890525945,-4285.0,1
5,20,1.0,2.0,2.0,-2879.0,-4.629283278097491,-2879.0,0
5,5,1.5,1.0,2.0,-2923.0,-4.671969406258724,-3007.0,0
20,5,1.5,3.0,2.0,-5148.0,-4.8177964757475875,-5178.0,1
30,5,2.0,1.0,2.0,-5308.0,-4.9126255819734865,-5404.0,1
20,5,2.0,2.0,2.0,-3683.0,-5.075054875032435,-3703.0,0
30,10,2.0,1.0,2.0,-4950.0,-5.160792828573675,-5095.0,1
30,10,1.5,3.0,2.0,-6464.0,-5.330750719754125,-6503.0,1
30,20,1.5,2.0,2.0,-6377.0,-5.515424036099693,-6467.0,2
5,20,1.0,1.0,2.0,-3592.0,-5.700116120925107,-3592.0,0
20,5,2.0,1.0,2.0,-4503.0,-5.764196454997979,-4523.0,0
30,20,1.5,1.0,2.0,-7193.0,-5.9466840615720455,-7283.0,2
10,20,1.0,3.0,2.0,-5732.0,-6.041725326215636,-5753.0,3
30,5,1.5,3.0,2.0,-9176.0,-6.401327943660612,-9274.0,1
5,5,1.0,2.0,2.0,-4617.0,-6.5028464421873755,-4639.0,0
20,10,1.5,2.0,2.0,-8407.0,-6.572343679151224,-8458.0,1
20,5,1.5,2.0,2.0,-8162.0,-6.9701597688371795,-8180.0,2
10,5,1.5,2.0,2.0,-7801.0,-7.27258756208873,-7821.0,0
20,10,1.0,3.0,2.0,-9548.0,-7.574426686007736,-9562.0,1
5,20,0.5,3.0,2.0,-6262.0,-7.612236799419174,-6262.0,0
5,5,1.0,1.0,2.0,-6382.0,-7.678206686025389,-6404.0,0
20,20,1.0,3.0,2.0,-10277.0,-8.095694706437119,-10291.0,1
10,5,1.0,3.0,2.0,-9307.0,-8.148005122540393,-9335.0,1
20,5,1.0,3.0,2.0,-11624.0,-8.203388398096806,-11638.0,1
30,20,1.0,3.0,2.0,-11342.0,-8.224754464223025,-11356.0,1
5,10,0.5,3.0,2.0,-6980.0,-8.26425104862347,-6980.0,0
30,10,1.0,3.0,2.0,-11519.0,-8.46363895833817,-11533.0,1
10,10,1.0,2.0,2.0,-10083.0,-8.509759246448466,-10083.0,0
10,5,1.5,1.0,2.0,-9799.0,-9.193880599270088,-9819.0,0
20,10,1.5,1.0,2.0,-13571.0,-9.540445301907454,-13622.0,1
20,5,1.5,1.0,2.0,-12132.0,-9.625158256216508,-12150.0,2
30,10,1.5,2.0,2.0,-14578.0,-9.687650545875615,-14617.0,1
5,10,1.0,1.0,2.0,-10970.0,-9.776568148407879,-10991.0,1
30,5,1.0,3.0,2.0,-16195.0,-10.153208701477393,-16209.0,1
30,5,1.5,2.0,2.0,-16970.0,-10.623716059113057,-17063.0,3
10,20,1.0,2.0,2.0,-14349.0,-10.849223491960748,-14358.0,1
10,5,0.5,3.0,2.0,-13945.0,-10.965977989239784,-13963.0,0
30,10,1.5,1.0,2.0,-19133.0,-11.567082106099129,-19172.0,1
30,20,1.0,2.0,2.0,-19429.0,-12.012242478899962,-19429.0,0
10,10,0.5,3.0,2.0,-16444.0,-12.169940512306257,-16444.0,0
10,20,1.0,1.0,2.0,-18003.0,-12.24172221454785,-18012.0,1
20,5,0.5,3.0,2.0,-20636.0,-12.3727995382918,-20650.0,2
10,20,0.5,3.0,2.0,-18004.0,-12.701438149397763,-18004.0,0
30,5,0.5,3.0,2.0,-22972.0,-12.911724030372676,-22986.0,2
20,20,1.0,2.0,2.0,-21545.0,-13.087841180965281,-21545.0,0
20,20,0.5,3.0,2.0,-23299.0,-13.341570907178093,-23313.0,2
20,10,0.5,3.0,2.0,-23784.0,-13.503124016702058,-23798.0,2
30,20,0.5,3.0,2.0,-25621.0,-13.821611676389365,-25635.0,2
20,20,1.0,1.0,2.0,-24758.0,-13.949993636993588,-24758.0,0
30,20,1.0,1.0,2.0,-25591.0,-14.05900852913461,-25591.0,0
10,5,1.0,2.0,2.0,-23332.0,-14.080873345811623,-23341.0,1
30,10,0.5,3.0,2.0,-25899.0,-14.1026751386822,-25913.0,2
30,5,1.5,1.0,2.0,-27089.0,-14.911584118383223,-27182.0,3
30,10,1.0,2.0,2.0,-30204.0,-15.607777566972619,-30213.0,1
30,5,1.0,2.0,2.0,-30811.0,-15.964321518802938,-30820.0,1
10,10,1.0,1.0,2.0,-30704.0,-16.66460642244351,-30704.0,0
20,10,1.0,2.0,2.0,-34621.0,-17.285441568054047,-34630.0,1
20,5,1.0,2.0,2.0,-35850.0,-17.601563154803436,-35859.0,1
30,10,1.0,1.0,2.0,-46444.0,-20.45457536560772,-46453.0,1
5,5,0.5,2.0,2.0,-40595.0,-20.59403204859557,-40629.5,3
10,5,0.5,2.0,2.0,-48287.0,-21.51888148704375,-48296.0,1
20,10,1.0,1.0,2.0,-51249.0,-21.727586588450414,-51258.0,1
5,10,0.5,2.0,2.0,-47785.0,-22.508315659332936,-47785.0,0
5,20,0.5,2.0,2.0,-47334.0,-22.51815897763673,-47334.0,0
10,5,1.0,1.0,2.0,-51843.0,-22.543687391045793,-51852.0,1
20,5,1.0,1.0,2.0,-55551.0,-23.117432807795502,-55560.0,1
10,10,0.5,2.0,2.0,-59697.0,-24.864994876126218,-59704.0,1
30,5,1.0,1.0,2.0,-69346.0,-25.998757551473272,-69355.0,1
30,5,0.5,2.0,2.0,-75796.0,-27.366996222087582,-75810.0,2
5,20,0.5,1.0,2.0,-71633.0,-27.422820600609302,-71647.0,2
20,5,0.5,2.0,2.0,-77671.0,-28.392454072193257,-77685.0,2
20,20,0.5,2.0,2.0,-78317.0,-28.485503546598828,-78338.0,3
30,10,0.5,2.0,2.0,-81049.0,-28.735330685882076,-81063.0,2
10,20,0.5,2.0,2.0,-77122.0,-28.92101500022936,-77136.0,2
20,10,0.5,2.0,2.0,-81418.0,-29.37537959620053,-81432.0,2
30,20,0.5,2.0,2.0,-94897.0,-31.76791756910743,-94918.0,3
5,10,0.5,1.0,2.0,-92964.0,-32.02417445091372,-92981.0,1
5,5,0.5,1.0,2.0,-107990.0,-34.33458006888873,-107999.0,1
30,20,0.5,1.0,2.0,-117014.0,-34.9381986187338,-117035.0,3
20,10,0.5,1.0,2.0,-124992.0,-36.00320932184155,-124992.0,0
20,20,0.5,1.0,2.0,-123017.0,-36.038331373325086,-123038.0,3
10,20,0.5,1.0,2.0,-120826.0,-36.0734708206227,-120840.0,2
10,10,0.5,1.0,2.0,-130292.0,-37.45787160614989,-130301.0,1
10,5,0.5,1.0,2.0,-131780.0,-37.541158847940125,-131789.0,1
20,5,0.5,1.0,2.0,-135970.0,-37.94443983642778,-135970.0,0
30,10,0.5,1.0,2.0,-138251.0,-38.146993111426845,-138251.0,0
30,5,0.5,1.0,2.0,-145137.0,-39.206780453699366,-145137.0,0
