feature,importance,target,horizon,model,product,vol_gate_q
obi_l3_lag1,39.587765244945956,fwd_ret,50,ridge,PANEL_1X2,5
obi_l3_lag5,32.45567435772524,fwd_ret,50,ridge,PANEL_1X2,5
obi_l1_lag50,26.76560121289118,fwd_ret,50,ridge,PANEL_1X2,5
obi_l3_lag50,18.168467044304624,fwd_ret,50,ridge,PANEL_1X2,5
obi_l1_lag20,15.859860366881675,fwd_ret,50,ridge,PANEL_1X2,5
obi_l1_lag5,14.063807554979626,fwd_ret,50,ridge,PANEL_1X2,5
obi_l1_lag1,12.889523314895342,fwd_ret,50,ridge,PANEL_1X2,5
obi_l3_lag20,12.235882944264706,fwd_ret,50,ridge,PANEL_1X2,5
microprice_dev_lag50,10.709761285690968,fwd_ret,50,ridge,PANEL_1X2,5
fam_mean_obi_l1_lag5,9.978017350401508,fwd_ret,50,ridge,PANEL_1X2,5
fam_mean_microprice_dev_lag5,5.557878799707669,fwd_ret,50,ridge,PANEL_1X2,5
microprice_dev_lag20,5.334139696273989,fwd_ret,50,ridge,PANEL_1X2,5
fam_mean_obi_l1_lag20,2.689463068328627,fwd_ret,50,ridge,PANEL_1X2,5
microprice_dev_lag5,2.2529405674178093,fwd_ret,50,ridge,PANEL_1X2,5
signed_flow_20_lag1,1.6107597607856852,fwd_ret,50,ridge,PANEL_1X2,5
microprice_dev_lag1,1.603106474938578,fwd_ret,50,ridge,PANEL_1X2,5
signed_flow_20_lag20,1.1856015576171117,fwd_ret,50,ridge,PANEL_1X2,5
fam_mean_microprice_dev_lag20,1.1255208603152498,fwd_ret,50,ridge,PANEL_1X2,5
spread_bps_lag5,0.8379755640228784,fwd_ret,50,ridge,PANEL_1X2,5
std_50_lag1,0.8343826844046545,fwd_ret,50,ridge,PANEL_1X2,5
spread_bps_lag20,0.8296020654845068,fwd_ret,50,ridge,PANEL_1X2,5
spread_bps_lag50,0.6838562295182244,fwd_ret,50,ridge,PANEL_1X2,5
std_500_lag20,0.6794399497481085,fwd_ret,50,ridge,PANEL_1X2,5
signed_flow_20_lag50,0.6240862188813091,fwd_ret,50,ridge,PANEL_1X2,5
std_50_lag5,0.5729209036638956,fwd_ret,50,ridge,PANEL_1X2,5
spread_bps_lag1,0.5619788662053162,fwd_ret,50,ridge,PANEL_1X2,5
std_500_lag5,0.44368482725265057,fwd_ret,50,ridge,PANEL_1X2,5
std_500_lag1,0.3691037758322176,fwd_ret,50,ridge,PANEL_1X2,5
std_50_lag50,0.19111075768421362,fwd_ret,50,ridge,PANEL_1X2,5
std_50_lag20,0.11740900266763372,fwd_ret,50,ridge,PANEL_1X2,5
signed_flow_20_lag5,0.06540507077242531,fwd_ret,50,ridge,PANEL_1X2,5
fam_mean_ret_10_lag5,0.06424655435114363,fwd_ret,50,ridge,PANEL_1X2,5
ret_10_lag50,0.05275952071443136,fwd_ret,50,ridge,PANEL_1X2,5
fam_mean_ret_10_lag20,0.04393403299915269,fwd_ret,50,ridge,PANEL_1X2,5
vwap_dev_lag50,0.03603972575282759,fwd_ret,50,ridge,PANEL_1X2,5
ret_10_lag1,0.032357384789139625,fwd_ret,50,ridge,PANEL_1X2,5
std_500_lag50,0.031523497121939026,fwd_ret,50,ridge,PANEL_1X2,5
ret_10_lag5,0.03146118707321705,fwd_ret,50,ridge,PANEL_1X2,5
vwap_dev_lag5,0.02436085851847751,fwd_ret,50,ridge,PANEL_1X2,5
vwap_dev_lag1,0.023904193705102002,fwd_ret,50,ridge,PANEL_1X2,5
ret_1_lag1,0.02035522885473512,fwd_ret,50,ridge,PANEL_1X2,5
ret_1_lag5,0.00674031822208331,fwd_ret,50,ridge,PANEL_1X2,5
vwap_dev_lag20,0.004481806380720428,fwd_ret,50,ridge,PANEL_1X2,5
ret_1_lag50,0.004419713688693868,fwd_ret,50,ridge,PANEL_1X2,5
ret_1_lag20,0.0021402378475458526,fwd_ret,50,ridge,PANEL_1X2,5
ret_10_lag20,0.002093801225988772,fwd_ret,50,ridge,PANEL_1X2,5
std_500_lag50,92726765.82202148,fwd_ret,50,lgbm,PANEL_1X2,5
std_500_lag1,62868259.40551758,fwd_ret,50,lgbm,PANEL_1X2,5
std_500_lag20,59144236.072265625,fwd_ret,50,lgbm,PANEL_1X2,5
std_50_lag50,56014267.98828125,fwd_ret,50,lgbm,PANEL_1X2,5
std_50_lag20,38838318.75683594,fwd_ret,50,lgbm,PANEL_1X2,5
vwap_dev_lag50,32925927.53857422,fwd_ret,50,lgbm,PANEL_1X2,5
std_50_lag5,28646725.604492188,fwd_ret,50,lgbm,PANEL_1X2,5
std_50_lag1,28466223.9453125,fwd_ret,50,lgbm,PANEL_1X2,5
std_500_lag5,26186259.817382812,fwd_ret,50,lgbm,PANEL_1X2,5
vwap_dev_lag20,22423473.076416016,fwd_ret,50,lgbm,PANEL_1X2,5
vwap_dev_lag5,19367617.96923828,fwd_ret,50,lgbm,PANEL_1X2,5
vwap_dev_lag1,19309099.721435547,fwd_ret,50,lgbm,PANEL_1X2,5
spread_bps_lag1,16219142.240234375,fwd_ret,50,lgbm,PANEL_1X2,5
spread_bps_lag20,15820413.236816406,fwd_ret,50,lgbm,PANEL_1X2,5
spread_bps_lag5,15430646.402832031,fwd_ret,50,lgbm,PANEL_1X2,5
spread_bps_lag50,14939698.005859375,fwd_ret,50,lgbm,PANEL_1X2,5
signed_flow_20_lag50,14825276.209960938,fwd_ret,50,lgbm,PANEL_1X2,5
signed_flow_20_lag20,11465777.258300781,fwd_ret,50,lgbm,PANEL_1X2,5
signed_flow_20_lag1,8951817.223632812,fwd_ret,50,lgbm,PANEL_1X2,5
signed_flow_20_lag5,7287617.7998046875,fwd_ret,50,lgbm,PANEL_1X2,5
fam_mean_ret_10_lag5,7119591.317871094,fwd_ret,50,lgbm,PANEL_1X2,5
ret_10_lag50,6312484.773925781,fwd_ret,50,lgbm,PANEL_1X2,5
fam_mean_ret_10_lag20,5447837.924316406,fwd_ret,50,lgbm,PANEL_1X2,5
ret_10_lag1,3906065.0532226562,fwd_ret,50,lgbm,PANEL_1X2,5
ret_10_lag5,3735227.51171875,fwd_ret,50,lgbm,PANEL_1X2,5
ret_10_lag20,3267771.46875,fwd_ret,50,lgbm,PANEL_1X2,5
ret_1_lag1,337501.6394042969,fwd_ret,50,lgbm,PANEL_1X2,5
ret_1_lag5,270129.59033203125,fwd_ret,50,lgbm,PANEL_1X2,5
ret_1_lag50,239720.1796875,fwd_ret,50,lgbm,PANEL_1X2,5
fam_mean_microprice_dev_lag5,196636.92041015625,fwd_ret,50,lgbm,PANEL_1X2,5
ret_1_lag20,194465.7392578125,fwd_ret,50,lgbm,PANEL_1X2,5
microprice_dev_lag5,193044.21997070312,fwd_ret,50,lgbm,PANEL_1X2,5
fam_mean_obi_l1_lag5,106167.51928710938,fwd_ret,50,lgbm,PANEL_1X2,5
microprice_dev_lag1,75944.9287109375,fwd_ret,50,lgbm,PANEL_1X2,5
fam_mean_microprice_dev_lag20,56612.249267578125,fwd_ret,50,lgbm,PANEL_1X2,5
fam_mean_obi_l1_lag20,54162.2705078125,fwd_ret,50,lgbm,PANEL_1X2,5
obi_l1_lag50,6198.830078125,fwd_ret,50,lgbm,PANEL_1X2,5
obi_l3_lag1,4654.81005859375,fwd_ret,50,lgbm,PANEL_1X2,5
microprice_dev_lag50,2954.530029296875,fwd_ret,50,lgbm,PANEL_1X2,5
microprice_dev_lag20,0.0,fwd_ret,50,lgbm,PANEL_1X2,5
obi_l3_lag50,0.0,fwd_ret,50,lgbm,PANEL_1X2,5
obi_l3_lag20,0.0,fwd_ret,50,lgbm,PANEL_1X2,5
obi_l1_lag5,0.0,fwd_ret,50,lgbm,PANEL_1X2,5
obi_l1_lag1,0.0,fwd_ret,50,lgbm,PANEL_1X2,5
obi_l1_lag20,0.0,fwd_ret,50,lgbm,PANEL_1X2,5
obi_l3_lag5,0.0,fwd_ret,50,lgbm,PANEL_1X2,5
obi_l3_lag20,82.75585417978647,fwd_ret,100,ridge,PANEL_1X2,5
obi_l3_lag5,77.62751832693912,fwd_ret,100,ridge,PANEL_1X2,5
obi_l3_lag1,62.97239826449132,fwd_ret,100,ridge,PANEL_1X2,5
obi_l3_lag50,58.09944219638839,fwd_ret,100,ridge,PANEL_1X2,5
obi_l1_lag50,55.9958073292628,fwd_ret,100,ridge,PANEL_1X2,5
obi_l1_lag20,40.44321088402681,fwd_ret,100,ridge,PANEL_1X2,5
fam_mean_obi_l1_lag5,29.60000410287117,fwd_ret,100,ridge,PANEL_1X2,5
microprice_dev_lag50,23.64940442807989,fwd_ret,100,ridge,PANEL_1X2,5
microprice_dev_lag20,18.685469114779433,fwd_ret,100,ridge,PANEL_1X2,5
obi_l1_lag5,16.39158389490254,fwd_ret,100,ridge,PANEL_1X2,5
fam_mean_obi_l1_lag20,15.40451114388609,fwd_ret,100,ridge,PANEL_1X2,5
obi_l1_lag1,15.13686630143366,fwd_ret,100,ridge,PANEL_1X2,5
microprice_dev_lag5,13.548215097990212,fwd_ret,100,ridge,PANEL_1X2,5
microprice_dev_lag1,9.677873044942302,fwd_ret,100,ridge,PANEL_1X2,5
fam_mean_microprice_dev_lag20,6.494915420870368,fwd_ret,100,ridge,PANEL_1X2,5
fam_mean_microprice_dev_lag5,5.7003029866518995,fwd_ret,100,ridge,PANEL_1X2,5
std_500_lag1,3.0202599700356547,fwd_ret,100,ridge,PANEL_1X2,5
std_500_lag5,2.242240107498311,fwd_ret,100,ridge,PANEL_1X2,5
signed_flow_20_lag1,2.226461259581217,fwd_ret,100,ridge,PANEL_1X2,5
spread_bps_lag1,1.2700866999214062,fwd_ret,100,ridge,PANEL_1X2,5
spread_bps_lag5,1.2587228245998736,fwd_ret,100,ridge,PANEL_1X2,5
spread_bps_lag20,0.9254092890014957,fwd_ret,100,ridge,PANEL_1X2,5
signed_flow_20_lag20,0.6124747383873822,fwd_ret,100,ridge,PANEL_1X2,5
signed_flow_20_lag50,0.535128136143519,fwd_ret,100,ridge,PANEL_1X2,5
std_50_lag1,0.41357476021769657,fwd_ret,100,ridge,PANEL_1X2,5
spread_bps_lag50,0.37557940486748204,fwd_ret,100,ridge,PANEL_1X2,5
std_500_lag20,0.364574339094271,fwd_ret,100,ridge,PANEL_1X2,5
std_50_lag5,0.3189905418909004,fwd_ret,100,ridge,PANEL_1X2,5
std_50_lag20,0.15606670448933221,fwd_ret,100,ridge,PANEL_1X2,5
std_500_lag50,0.1528216139280238,fwd_ret,100,ridge,PANEL_1X2,5
signed_flow_20_lag5,0.12032557360217291,fwd_ret,100,ridge,PANEL_1X2,5
vwap_dev_lag1,0.05745957585771355,fwd_ret,100,ridge,PANEL_1X2,5
ret_10_lag50,0.042794251614355974,fwd_ret,100,ridge,PANEL_1X2,5
ret_10_lag20,0.0373622955880092,fwd_ret,100,ridge,PANEL_1X2,5
ret_10_lag1,0.030858345530794928,fwd_ret,100,ridge,PANEL_1X2,5
ret_10_lag5,0.027993316136675786,fwd_ret,100,ridge,PANEL_1X2,5
vwap_dev_lag50,0.019299614348480515,fwd_ret,100,ridge,PANEL_1X2,5
ret_1_lag5,0.019172603436990097,fwd_ret,100,ridge,PANEL_1X2,5
fam_mean_ret_10_lag20,0.010080737414469115,fwd_ret,100,ridge,PANEL_1X2,5
std_50_lag50,0.009780188495933838,fwd_ret,100,ridge,PANEL_1X2,5
fam_mean_ret_10_lag5,0.009106565024863119,fwd_ret,100,ridge,PANEL_1X2,5
ret_1_lag1,0.005283315184948519,fwd_ret,100,ridge,PANEL_1X2,5
ret_1_lag50,0.005152380932057654,fwd_ret,100,ridge,PANEL_1X2,5
vwap_dev_lag20,0.0037660204048959524,fwd_ret,100,ridge,PANEL_1X2,5
vwap_dev_lag5,0.0018701963430904438,fwd_ret,100,ridge,PANEL_1X2,5
ret_1_lag20,0.0017228341337029202,fwd_ret,100,ridge,PANEL_1X2,5
std_500_lag50,191632749.29248047,fwd_ret,100,lgbm,PANEL_1X2,5
std_500_lag1,163649845.59570312,fwd_ret,100,lgbm,PANEL_1X2,5
std_500_lag20,130636368.6381836,fwd_ret,100,lgbm,PANEL_1X2,5
std_50_lag50,109349802.7133789,fwd_ret,100,lgbm,PANEL_1X2,5
spread_bps_lag50,68613822.2866211,fwd_ret,100,lgbm,PANEL_1X2,5
std_500_lag5,68351958.68017578,fwd_ret,100,lgbm,PANEL_1X2,5
std_50_lag20,65132664.609375,fwd_ret,100,lgbm,PANEL_1X2,5
vwap_dev_lag50,55304009.7109375,fwd_ret,100,lgbm,PANEL_1X2,5
std_50_lag1,51669512.28466797,fwd_ret,100,lgbm,PANEL_1X2,5
vwap_dev_lag20,48860751.58642578,fwd_ret,100,lgbm,PANEL_1X2,5
spread_bps_lag1,48557981.095703125,fwd_ret,100,lgbm,PANEL_1X2,5
spread_bps_lag5,43878946.28125,fwd_ret,100,lgbm,PANEL_1X2,5
vwap_dev_lag1,40199448.23730469,fwd_ret,100,lgbm,PANEL_1X2,5
std_50_lag5,39980158.704589844,fwd_ret,100,lgbm,PANEL_1X2,5
spread_bps_lag20,33603947.39746094,fwd_ret,100,lgbm,PANEL_1X2,5
vwap_dev_lag5,28263004.59375,fwd_ret,100,lgbm,PANEL_1X2,5
signed_flow_20_lag1,17214739.314453125,fwd_ret,100,lgbm,PANEL_1X2,5
signed_flow_20_lag20,16840472.719726562,fwd_ret,100,lgbm,PANEL_1X2,5
signed_flow_20_lag5,15586817.091796875,fwd_ret,100,lgbm,PANEL_1X2,5
signed_flow_20_lag50,13892098.887695312,fwd_ret,100,lgbm,PANEL_1X2,5
fam_mean_ret_10_lag20,9210320.186523438,fwd_ret,100,lgbm,PANEL_1X2,5
fam_mean_ret_10_lag5,8372949.685546875,fwd_ret,100,lgbm,PANEL_1X2,5
ret_10_lag20,8105186.744628906,fwd_ret,100,lgbm,PANEL_1X2,5
ret_10_lag5,6746902.406738281,fwd_ret,100,lgbm,PANEL_1X2,5
ret_10_lag1,6287924.977050781,fwd_ret,100,lgbm,PANEL_1X2,5
ret_10_lag50,6029185.1015625,fwd_ret,100,lgbm,PANEL_1X2,5
ret_1_lag50,511346.96337890625,fwd_ret,100,lgbm,PANEL_1X2,5
ret_1_lag1,476814.20751953125,fwd_ret,100,lgbm,PANEL_1X2,5
fam_mean_obi_l1_lag5,378794.71826171875,fwd_ret,100,lgbm,PANEL_1X2,5
fam_mean_microprice_dev_lag20,375625.798828125,fwd_ret,100,lgbm,PANEL_1X2,5
obi_l1_lag5,361175.7978515625,fwd_ret,100,lgbm,PANEL_1X2,5
ret_1_lag5,277165.21240234375,fwd_ret,100,lgbm,PANEL_1X2,5
fam_mean_microprice_dev_lag5,231907.33203125,fwd_ret,100,lgbm,PANEL_1X2,5
ret_1_lag20,122911.296875,fwd_ret,100,lgbm,PANEL_1X2,5
obi_l1_lag20,120785.7412109375,fwd_ret,100,lgbm,PANEL_1X2,5
microprice_dev_lag1,106377.5,fwd_ret,100,lgbm,PANEL_1X2,5
obi_l1_lag1,105082.8203125,fwd_ret,100,lgbm,PANEL_1X2,5
fam_mean_obi_l1_lag20,71847.4609375,fwd_ret,100,lgbm,PANEL_1X2,5
obi_l1_lag50,66353.18994140625,fwd_ret,100,lgbm,PANEL_1X2,5
microprice_dev_lag5,15591.4296875,fwd_ret,100,lgbm,PANEL_1X2,5
obi_l3_lag1,11702.7998046875,fwd_ret,100,lgbm,PANEL_1X2,5
microprice_dev_lag20,0.0,fwd_ret,100,lgbm,PANEL_1X2,5
obi_l3_lag5,0.0,fwd_ret,100,lgbm,PANEL_1X2,5
microprice_dev_lag50,0.0,fwd_ret,100,lgbm,PANEL_1X2,5
obi_l3_lag50,0.0,fwd_ret,100,lgbm,PANEL_1X2,5
obi_l3_lag20,0.0,fwd_ret,100,lgbm,PANEL_1X2,5
obi_l1_lag5,28.206920833798023,fwd_ret,50,ridge,PANEL_1X4,5
obi_l1_lag1,20.950314448419945,fwd_ret,50,ridge,PANEL_1X4,5
obi_l3_lag1,16.75660698686997,fwd_ret,50,ridge,PANEL_1X4,5
fam_mean_obi_l1_lag5,12.872357672054738,fwd_ret,50,ridge,PANEL_1X4,5
obi_l3_lag20,12.367120697347286,fwd_ret,50,ridge,PANEL_1X4,5
obi_l3_lag50,11.294595259720136,fwd_ret,50,ridge,PANEL_1X4,5
obi_l1_lag20,11.221822321941968,fwd_ret,50,ridge,PANEL_1X4,5
obi_l3_lag5,9.26021823623313,fwd_ret,50,ridge,PANEL_1X4,5
fam_mean_microprice_dev_lag5,7.548049259982588,fwd_ret,50,ridge,PANEL_1X4,5
microprice_dev_lag5,6.647813689039141,fwd_ret,50,ridge,PANEL_1X4,5
fam_mean_obi_l1_lag20,6.074882367042163,fwd_ret,50,ridge,PANEL_1X4,5
microprice_dev_lag1,5.463724127795198,fwd_ret,50,ridge,PANEL_1X4,5
std_500_lag1,4.82565964611648,fwd_ret,50,ridge,PANEL_1X4,5
microprice_dev_lag20,4.420087473512886,fwd_ret,50,ridge,PANEL_1X4,5
fam_mean_microprice_dev_lag20,3.7313584288648385,fwd_ret,50,ridge,PANEL_1X4,5
std_500_lag5,3.634787931637154,fwd_ret,50,ridge,PANEL_1X4,5
obi_l1_lag50,3.198190773492843,fwd_ret,50,ridge,PANEL_1X4,5
std_500_lag20,1.0860643883423662,fwd_ret,50,ridge,PANEL_1X4,5
std_50_lag1,0.4722381681124408,fwd_ret,50,ridge,PANEL_1X4,5
spread_bps_lag50,0.44097366296183693,fwd_ret,50,ridge,PANEL_1X4,5
std_50_lag20,0.4140221161067392,fwd_ret,50,ridge,PANEL_1X4,5
signed_flow_20_lag1,0.35046706351549073,fwd_ret,50,ridge,PANEL_1X4,5
signed_flow_20_lag20,0.2984907096620458,fwd_ret,50,ridge,PANEL_1X4,5
microprice_dev_lag50,0.2904282002003758,fwd_ret,50,ridge,PANEL_1X4,5
std_50_lag50,0.1903020735875031,fwd_ret,50,ridge,PANEL_1X4,5
spread_bps_lag5,0.17694515532621194,fwd_ret,50,ridge,PANEL_1X4,5
ret_10_lag50,0.13393846706304227,fwd_ret,50,ridge,PANEL_1X4,5
spread_bps_lag1,0.08715984574324642,fwd_ret,50,ridge,PANEL_1X4,5
vwap_dev_lag50,0.0757896857483692,fwd_ret,50,ridge,PANEL_1X4,5
spread_bps_lag20,0.0708739262019748,fwd_ret,50,ridge,PANEL_1X4,5
signed_flow_20_lag5,0.06848683636432769,fwd_ret,50,ridge,PANEL_1X4,5
ret_10_lag5,0.05978697313148619,fwd_ret,50,ridge,PANEL_1X4,5
ret_10_lag20,0.05930709617529405,fwd_ret,50,ridge,PANEL_1X4,5
signed_flow_20_lag50,0.05151453003999915,fwd_ret,50,ridge,PANEL_1X4,5
fam_mean_ret_10_lag5,0.046362217232406126,fwd_ret,50,ridge,PANEL_1X4,5
vwap_dev_lag20,0.036075332869203613,fwd_ret,50,ridge,PANEL_1X4,5
std_500_lag50,0.0290404293797697,fwd_ret,50,ridge,PANEL_1X4,5
fam_mean_ret_10_lag20,0.026909626930948654,fwd_ret,50,ridge,PANEL_1X4,5
ret_1_lag1,0.025996168715901484,fwd_ret,50,ridge,PANEL_1X4,5
std_50_lag5,0.024287912436190422,fwd_ret,50,ridge,PANEL_1X4,5
ret_10_lag1,0.017958229692476346,fwd_ret,50,ridge,PANEL_1X4,5
ret_1_lag5,0.016859306979876223,fwd_ret,50,ridge,PANEL_1X4,5
vwap_dev_lag5,0.011966273274119482,fwd_ret,50,ridge,PANEL_1X4,5
ret_1_lag50,0.00613135367203078,fwd_ret,50,ridge,PANEL_1X4,5
vwap_dev_lag1,0.0052118438368068225,fwd_ret,50,ridge,PANEL_1X4,5
ret_1_lag20,0.00025190229685186414,fwd_ret,50,ridge,PANEL_1X4,5
std_500_lag50,114931024.54370117,fwd_ret,50,lgbm,PANEL_1X4,5
std_500_lag1,81985296.65112305,fwd_ret,50,lgbm,PANEL_1X4,5
std_500_lag20,57072846.73339844,fwd_ret,50,lgbm,PANEL_1X4,5
std_50_lag50,47836731.84667969,fwd_ret,50,lgbm,PANEL_1X4,5
spread_bps_lag50,44033269.529785156,fwd_ret,50,lgbm,PANEL_1X4,5
std_500_lag5,38151998.68310547,fwd_ret,50,lgbm,PANEL_1X4,5
vwap_dev_lag50,37355660.64892578,fwd_ret,50,lgbm,PANEL_1X4,5
std_50_lag20,33477500.10986328,fwd_ret,50,lgbm,PANEL_1X4,5
vwap_dev_lag20,30026902.614257812,fwd_ret,50,lgbm,PANEL_1X4,5
spread_bps_lag1,29835436.396728516,fwd_ret,50,lgbm,PANEL_1X4,5
std_50_lag1,28698362.30078125,fwd_ret,50,lgbm,PANEL_1X4,5
vwap_dev_lag5,26394651.768066406,fwd_ret,50,lgbm,PANEL_1X4,5
spread_bps_lag5,25839005.853759766,fwd_ret,50,lgbm,PANEL_1X4,5
spread_bps_lag20,22359937.071289062,fwd_ret,50,lgbm,PANEL_1X4,5
signed_flow_20_lag50,20743035.227783203,fwd_ret,50,lgbm,PANEL_1X4,5
std_50_lag5,20549804.56982422,fwd_ret,50,lgbm,PANEL_1X4,5
vwap_dev_lag1,18872876.41748047,fwd_ret,50,lgbm,PANEL_1X4,5
signed_flow_20_lag20,15563928.66015625,fwd_ret,50,lgbm,PANEL_1X4,5
signed_flow_20_lag1,11570943.705078125,fwd_ret,50,lgbm,PANEL_1X4,5
signed_flow_20_lag5,9132432.83203125,fwd_ret,50,lgbm,PANEL_1X4,5
ret_10_lag1,5616850.9912109375,fwd_ret,50,lgbm,PANEL_1X4,5
fam_mean_ret_10_lag5,5240016.1416015625,fwd_ret,50,lgbm,PANEL_1X4,5
fam_mean_ret_10_lag20,5225502.1015625,fwd_ret,50,lgbm,PANEL_1X4,5
ret_10_lag50,5134007.8515625,fwd_ret,50,lgbm,PANEL_1X4,5
ret_10_lag20,4664470.2919921875,fwd_ret,50,lgbm,PANEL_1X4,5
ret_10_lag5,4151953.892578125,fwd_ret,50,lgbm,PANEL_1X4,5
ret_1_lag1,519483.2395019531,fwd_ret,50,lgbm,PANEL_1X4,5
ret_1_lag50,313472.8898925781,fwd_ret,50,lgbm,PANEL_1X4,5
ret_1_lag5,285867.861328125,fwd_ret,50,lgbm,PANEL_1X4,5
ret_1_lag20,172188.89111328125,fwd_ret,50,lgbm,PANEL_1X4,5
obi_l1_lag1,161245.31958007812,fwd_ret,50,lgbm,PANEL_1X4,5
microprice_dev_lag50,73043.89990234375,fwd_ret,50,lgbm,PANEL_1X4,5
microprice_dev_lag5,34458.419921875,fwd_ret,50,lgbm,PANEL_1X4,5
fam_mean_obi_l1_lag5,28518.41064453125,fwd_ret,50,lgbm,PANEL_1X4,5
fam_mean_microprice_dev_lag20,16840.26953125,fwd_ret,50,lgbm,PANEL_1X4,5
obi_l1_lag50,11034.510009765625,fwd_ret,50,lgbm,PANEL_1X4,5
microprice_dev_lag1,10706.0,fwd_ret,50,lgbm,PANEL_1X4,5
microprice_dev_lag20,10083.2001953125,fwd_ret,50,lgbm,PANEL_1X4,5
fam_mean_microprice_dev_lag5,8518.259765625,fwd_ret,50,lgbm,PANEL_1X4,5
obi_l3_lag20,0.0,fwd_ret,50,lgbm,PANEL_1X4,5
obi_l3_lag50,0.0,fwd_ret,50,lgbm,PANEL_1X4,5
obi_l3_lag5,0.0,fwd_ret,50,lgbm,PANEL_1X4,5
obi_l1_lag5,0.0,fwd_ret,50,lgbm,PANEL_1X4,5
obi_l1_lag20,0.0,fwd_ret,50,lgbm,PANEL_1X4,5
obi_l3_lag1,0.0,fwd_ret,50,lgbm,PANEL_1X4,5
fam_mean_obi_l1_lag20,0.0,fwd_ret,50,lgbm,PANEL_1X4,5
obi_l1_lag5,71.20574017368247,fwd_ret,100,ridge,PANEL_1X4,5
obi_l1_lag20,35.592830113482286,fwd_ret,100,ridge,PANEL_1X4,5
fam_mean_obi_l1_lag5,32.38438935041112,fwd_ret,100,ridge,PANEL_1X4,5
fam_mean_obi_l1_lag20,24.544030886358637,fwd_ret,100,ridge,PANEL_1X4,5
obi_l1_lag1,21.88312992032826,fwd_ret,100,ridge,PANEL_1X4,5
obi_l3_lag5,19.017240631530523,fwd_ret,100,ridge,PANEL_1X4,5
obi_l1_lag50,18.714368842531496,fwd_ret,100,ridge,PANEL_1X4,5
obi_l3_lag1,16.149979072401244,fwd_ret,100,ridge,PANEL_1X4,5
microprice_dev_lag5,15.365334901786348,fwd_ret,100,ridge,PANEL_1X4,5
std_500_lag1,9.366625084354359,fwd_ret,100,ridge,PANEL_1X4,5
microprice_dev_lag20,9.243196812247719,fwd_ret,100,ridge,PANEL_1X4,5
std_500_lag5,7.07783142557745,fwd_ret,100,ridge,PANEL_1X4,5
obi_l3_lag50,6.854663729535575,fwd_ret,100,ridge,PANEL_1X4,5
fam_mean_microprice_dev_lag20,6.750936415451414,fwd_ret,100,ridge,PANEL_1X4,5
microprice_dev_lag1,5.354462451402886,fwd_ret,100,ridge,PANEL_1X4,5
microprice_dev_lag50,4.6338597269302255,fwd_ret,100,ridge,PANEL_1X4,5
std_500_lag20,2.295602826738629,fwd_ret,100,ridge,PANEL_1X4,5
obi_l3_lag20,2.145419109978863,fwd_ret,100,ridge,PANEL_1X4,5
std_50_lag1,1.2374446335359426,fwd_ret,100,ridge,PANEL_1X4,5
spread_bps_lag5,0.5935913069223376,fwd_ret,100,ridge,PANEL_1X4,5
signed_flow_20_lag50,0.5872819588709577,fwd_ret,100,ridge,PANEL_1X4,5
std_50_lag5,0.5775055718152912,fwd_ret,100,ridge,PANEL_1X4,5
std_50_lag20,0.5173267399637974,fwd_ret,100,ridge,PANEL_1X4,5
spread_bps_lag20,0.42730402705120746,fwd_ret,100,ridge,PANEL_1X4,5
std_50_lag50,0.30677091286712527,fwd_ret,100,ridge,PANEL_1X4,5
fam_mean_microprice_dev_lag5,0.2395258304705248,fwd_ret,100,ridge,PANEL_1X4,5
ret_10_lag20,0.23785032960431263,fwd_ret,100,ridge,PANEL_1X4,5
std_500_lag50,0.21563772670095946,fwd_ret,100,ridge,PANEL_1X4,5
spread_bps_lag1,0.20631330320599836,fwd_ret,100,ridge,PANEL_1X4,5
ret_10_lag50,0.18946203909051215,fwd_ret,100,ridge,PANEL_1X4,5
signed_flow_20_lag5,0.18394978104325274,fwd_ret,100,ridge,PANEL_1X4,5
ret_10_lag5,0.1827660024173072,fwd_ret,100,ridge,PANEL_1X4,5
spread_bps_lag50,0.15968684118616827,fwd_ret,100,ridge,PANEL_1X4,5
fam_mean_ret_10_lag5,0.14590301964066862,fwd_ret,100,ridge,PANEL_1X4,5
fam_mean_ret_10_lag20,0.14074526829773903,fwd_ret,100,ridge,PANEL_1X4,5
ret_10_lag1,0.1186801243093719,fwd_ret,100,ridge,PANEL_1X4,5
signed_flow_20_lag1,0.07837947743881209,fwd_ret,100,ridge,PANEL_1X4,5
signed_flow_20_lag20,0.0675447321502682,fwd_ret,100,ridge,PANEL_1X4,5
vwap_dev_lag50,0.06025541151664825,fwd_ret,100,ridge,PANEL_1X4,5
ret_1_lag1,0.060207223798540904,fwd_ret,100,ridge,PANEL_1X4,5
vwap_dev_lag1,0.053904868115637834,fwd_ret,100,ridge,PANEL_1X4,5
ret_1_lag50,0.044979457529284325,fwd_ret,100,ridge,PANEL_1X4,5
ret_1_lag5,0.037970232273887225,fwd_ret,100,ridge,PANEL_1X4,5
vwap_dev_lag5,0.021729437689024404,fwd_ret,100,ridge,PANEL_1X4,5
vwap_dev_lag20,0.014135843974203957,fwd_ret,100,ridge,PANEL_1X4,5
ret_1_lag20,0.004342020266512638,fwd_ret,100,ridge,PANEL_1X4,5
std_500_lag50,294961424.6542969,fwd_ret,100,lgbm,PANEL_1X4,5
std_500_lag1,216887513.59375,fwd_ret,100,lgbm,PANEL_1X4,5
spread_bps_lag50,155021398.86279297,fwd_ret,100,lgbm,PANEL_1X4,5
std_500_lag20,116695623.1821289,fwd_ret,100,lgbm,PANEL_1X4,5
vwap_dev_lag50,98607352.61230469,fwd_ret,100,lgbm,PANEL_1X4,5
std_50_lag50,96340739.63134766,fwd_ret,100,lgbm,PANEL_1X4,5
spread_bps_lag20,89992933.09375,fwd_ret,100,lgbm,PANEL_1X4,5
std_500_lag5,78192418.90234375,fwd_ret,100,lgbm,PANEL_1X4,5
vwap_dev_lag20,71848440.7084961,fwd_ret,100,lgbm,PANEL_1X4,5
std_50_lag20,69032799.32421875,fwd_ret,100,lgbm,PANEL_1X4,5
spread_bps_lag1,60039264.920410156,fwd_ret,100,lgbm,PANEL_1X4,5
vwap_dev_lag1,57245198.72607422,fwd_ret,100,lgbm,PANEL_1X4,5
std_50_lag1,56596447.8046875,fwd_ret,100,lgbm,PANEL_1X4,5
spread_bps_lag5,55408947.640625,fwd_ret,100,lgbm,PANEL_1X4,5
vwap_dev_lag5,45875801.32714844,fwd_ret,100,lgbm,PANEL_1X4,5
std_50_lag5,43105961.670410156,fwd_ret,100,lgbm,PANEL_1X4,5
signed_flow_20_lag50,38134433.10644531,fwd_ret,100,lgbm,PANEL_1X4,5
signed_flow_20_lag20,29229277.919921875,fwd_ret,100,lgbm,PANEL_1X4,5
signed_flow_20_lag1,18053094.54736328,fwd_ret,100,lgbm,PANEL_1X4,5
signed_flow_20_lag5,16464304.091796875,fwd_ret,100,lgbm,PANEL_1X4,5
ret_10_lag20,10926338.518554688,fwd_ret,100,lgbm,PANEL_1X4,5
ret_10_lag50,10419436.491210938,fwd_ret,100,lgbm,PANEL_1X4,5
fam_mean_ret_10_lag20,9972193.791015625,fwd_ret,100,lgbm,PANEL_1X4,5
fam_mean_ret_10_lag5,8387165.0673828125,fwd_ret,100,lgbm,PANEL_1X4,5
ret_10_lag1,6083394.5673828125,fwd_ret,100,lgbm,PANEL_1X4,5
ret_10_lag5,4977495.9833984375,fwd_ret,100,lgbm,PANEL_1X4,5
ret_1_lag1,711337.73046875,fwd_ret,100,lgbm,PANEL_1X4,5
ret_1_lag50,553796.50390625,fwd_ret,100,lgbm,PANEL_1X4,5
ret_1_lag5,374893.98046875,fwd_ret,100,lgbm,PANEL_1X4,5
ret_1_lag20,279856.2421875,fwd_ret,100,lgbm,PANEL_1X4,5
fam_mean_microprice_dev_lag5,82188.0,fwd_ret,100,lgbm,PANEL_1X4,5
fam_mean_microprice_dev_lag20,64528.91015625,fwd_ret,100,lgbm,PANEL_1X4,5
obi_l1_lag20,34855.3984375,fwd_ret,100,lgbm,PANEL_1X4,5
fam_mean_obi_l1_lag5,20086.26953125,fwd_ret,100,lgbm,PANEL_1X4,5
microprice_dev_lag50,19787.30078125,fwd_ret,100,lgbm,PANEL_1X4,5
fam_mean_obi_l1_lag20,17380.80078125,fwd_ret,100,lgbm,PANEL_1X4,5
microprice_dev_lag20,0.0,fwd_ret,100,lgbm,PANEL_1X4,5
obi_l3_lag50,0.0,fwd_ret,100,lgbm,PANEL_1X4,5
obi_l1_lag1,0.0,fwd_ret,100,lgbm,PANEL_1X4,5
obi_l1_lag5,0.0,fwd_ret,100,lgbm,PANEL_1X4,5
microprice_dev_lag1,0.0,fwd_ret,100,lgbm,PANEL_1X4,5
microprice_dev_lag5,0.0,fwd_ret,100,lgbm,PANEL_1X4,5
obi_l3_lag20,0.0,fwd_ret,100,lgbm,PANEL_1X4,5
obi_l1_lag50,0.0,fwd_ret,100,lgbm,PANEL_1X4,5
obi_l3_lag1,0.0,fwd_ret,100,lgbm,PANEL_1X4,5
obi_l3_lag5,0.0,fwd_ret,100,lgbm,PANEL_1X4,5
obi_l3_lag5,34.792690314276086,fwd_ret,50,ridge,PANEL_2X2,5
obi_l3_lag50,28.11788444460446,fwd_ret,50,ridge,PANEL_2X2,5
obi_l3_lag1,25.512761927641826,fwd_ret,50,ridge,PANEL_2X2,5
fam_mean_obi_l1_lag5,25.420781299841384,fwd_ret,50,ridge,PANEL_2X2,5
obi_l1_lag1,18.06675779697779,fwd_ret,50,ridge,PANEL_2X2,5
obi_l1_lag20,13.129951320912742,fwd_ret,50,ridge,PANEL_2X2,5
fam_mean_microprice_dev_lag5,9.339104377367244,fwd_ret,50,ridge,PANEL_2X2,5
fam_mean_obi_l1_lag20,8.273270743181467,fwd_ret,50,ridge,PANEL_2X2,5
obi_l1_lag50,6.1243053288965354,fwd_ret,50,ridge,PANEL_2X2,5
fam_mean_microprice_dev_lag20,5.225161215416592,fwd_ret,50,ridge,PANEL_2X2,5
std_500_lag1,5.168948146816018,fwd_ret,50,ridge,PANEL_2X2,5
std_500_lag5,4.774315600886135,fwd_ret,50,ridge,PANEL_2X2,5
obi_l3_lag20,4.747067206161305,fwd_ret,50,ridge,PANEL_2X2,5
microprice_dev_lag1,4.239173752133055,fwd_ret,50,ridge,PANEL_2X2,5
microprice_dev_lag50,1.914833714434569,fwd_ret,50,ridge,PANEL_2X2,5
microprice_dev_lag20,1.904907625773627,fwd_ret,50,ridge,PANEL_2X2,5
signed_flow_20_lag20,1.2841644163682324,fwd_ret,50,ridge,PANEL_2X2,5
std_500_lag20,1.2145236699887945,fwd_ret,50,ridge,PANEL_2X2,5
obi_l1_lag5,1.1049747079641228,fwd_ret,50,ridge,PANEL_2X2,5
microprice_dev_lag5,1.0561013557863508,fwd_ret,50,ridge,PANEL_2X2,5
std_500_lag50,1.0275712825284855,fwd_ret,50,ridge,PANEL_2X2,5
spread_bps_lag50,0.782259471248097,fwd_ret,50,ridge,PANEL_2X2,5
std_50_lag1,0.5703629894645902,fwd_ret,50,ridge,PANEL_2X2,5
spread_bps_lag20,0.48029062406893286,fwd_ret,50,ridge,PANEL_2X2,5
std_50_lag5,0.4574043313327982,fwd_ret,50,ridge,PANEL_2X2,5
std_50_lag50,0.4389901174019522,fwd_ret,50,ridge,PANEL_2X2,5
signed_flow_20_lag5,0.41254328653018224,fwd_ret,50,ridge,PANEL_2X2,5
spread_bps_lag1,0.29329318781052705,fwd_ret,50,ridge,PANEL_2X2,5
fam_mean_ret_10_lag20,0.16748408219981695,fwd_ret,50,ridge,PANEL_2X2,5
spread_bps_lag5,0.15815270941791695,fwd_ret,50,ridge,PANEL_2X2,5
signed_flow_20_lag1,0.09508269804875734,fwd_ret,50,ridge,PANEL_2X2,5
signed_flow_20_lag50,0.08176716352617422,fwd_ret,50,ridge,PANEL_2X2,5
vwap_dev_lag1,0.07910486877133083,fwd_ret,50,ridge,PANEL_2X2,5
fam_mean_ret_10_lag5,0.07561969823897517,fwd_ret,50,ridge,PANEL_2X2,5
ret_10_lag5,0.07194105892543348,fwd_ret,50,ridge,PANEL_2X2,5
vwap_dev_lag50,0.06079409631717253,fwd_ret,50,ridge,PANEL_2X2,5
ret_10_lag1,0.05591728550258897,fwd_ret,50,ridge,PANEL_2X2,5
vwap_dev_lag20,0.0481827821263427,fwd_ret,50,ridge,PANEL_2X2,5
ret_10_lag20,0.044465618980388075,fwd_ret,50,ridge,PANEL_2X2,5
vwap_dev_lag5,0.04426215396382209,fwd_ret,50,ridge,PANEL_2X2,5
ret_1_lag20,0.035936309739737424,fwd_ret,50,ridge,PANEL_2X2,5
ret_1_lag1,0.034486572081745326,fwd_ret,50,ridge,PANEL_2X2,5
ret_10_lag50,0.03324555206084529,fwd_ret,50,ridge,PANEL_2X2,5
std_50_lag20,0.019476266663487295,fwd_ret,50,ridge,PANEL_2X2,5
ret_1_lag5,0.014577265537013748,fwd_ret,50,ridge,PANEL_2X2,5
ret_1_lag50,0.003812604028868674,fwd_ret,50,ridge,PANEL_2X2,5
std_500_lag50,120304639.04101562,fwd_ret,50,lgbm,PANEL_2X2,5
std_500_lag20,101184482.13134766,fwd_ret,50,lgbm,PANEL_2X2,5
std_500_lag1,79594309.15161133,fwd_ret,50,lgbm,PANEL_2X2,5
std_50_lag50,48784609.77001953,fwd_ret,50,lgbm,PANEL_2X2,5
vwap_dev_lag50,48387217.26171875,fwd_ret,50,lgbm,PANEL_2X2,5
std_50_lag20,47189209.83886719,fwd_ret,50,lgbm,PANEL_2X2,5
std_50_lag1,35227700.52685547,fwd_ret,50,lgbm,PANEL_2X2,5
vwap_dev_lag1,30792682.80883789,fwd_ret,50,lgbm,PANEL_2X2,5
vwap_dev_lag20,30327513.418945312,fwd_ret,50,lgbm,PANEL_2X2,5
std_500_lag5,29905305.216796875,fwd_ret,50,lgbm,PANEL_2X2,5
std_50_lag5,24983405.520996094,fwd_ret,50,lgbm,PANEL_2X2,5
spread_bps_lag20,22598664.149414062,fwd_ret,50,lgbm,PANEL_2X2,5
spread_bps_lag5,22123868.985351562,fwd_ret,50,lgbm,PANEL_2X2,5
spread_bps_lag1,21903082.502929688,fwd_ret,50,lgbm,PANEL_2X2,5
spread_bps_lag50,20187249.77392578,fwd_ret,50,lgbm,PANEL_2X2,5
signed_flow_20_lag50,18406589.389160156,fwd_ret,50,lgbm,PANEL_2X2,5
signed_flow_20_lag20,16503734.671386719,fwd_ret,50,lgbm,PANEL_2X2,5
vwap_dev_lag5,16052916.389160156,fwd_ret,50,lgbm,PANEL_2X2,5
signed_flow_20_lag1,13098264.183105469,fwd_ret,50,lgbm,PANEL_2X2,5
fam_mean_ret_10_lag5,11073802.876464844,fwd_ret,50,lgbm,PANEL_2X2,5
signed_flow_20_lag5,7565750.924316406,fwd_ret,50,lgbm,PANEL_2X2,5
fam_mean_ret_10_lag20,6021677.038574219,fwd_ret,50,lgbm,PANEL_2X2,5
ret_10_lag50,5313361.604980469,fwd_ret,50,lgbm,PANEL_2X2,5
ret_10_lag1,3123528.873046875,fwd_ret,50,lgbm,PANEL_2X2,5
ret_10_lag20,2758542.9248046875,fwd_ret,50,lgbm,PANEL_2X2,5
ret_10_lag5,2161429.0795898438,fwd_ret,50,lgbm,PANEL_2X2,5
ret_1_lag20,310064.62158203125,fwd_ret,50,lgbm,PANEL_2X2,5
ret_1_lag1,308289.41064453125,fwd_ret,50,lgbm,PANEL_2X2,5
fam_mean_microprice_dev_lag20,92926.6015625,fwd_ret,50,lgbm,PANEL_2X2,5
obi_l1_lag5,91370.6083984375,fwd_ret,50,lgbm,PANEL_2X2,5
ret_1_lag50,80742.7001953125,fwd_ret,50,lgbm,PANEL_2X2,5
fam_mean_microprice_dev_lag5,47877.310546875,fwd_ret,50,lgbm,PANEL_2X2,5
ret_1_lag5,39657.159912109375,fwd_ret,50,lgbm,PANEL_2X2,5
fam_mean_obi_l1_lag5,35234.26025390625,fwd_ret,50,lgbm,PANEL_2X2,5
obi_l3_lag5,31859.0,fwd_ret,50,lgbm,PANEL_2X2,5
fam_mean_obi_l1_lag20,16469.25,fwd_ret,50,lgbm,PANEL_2X2,5
microprice_dev_lag50,14982.51025390625,fwd_ret,50,lgbm,PANEL_2X2,5
microprice_dev_lag1,12151.390380859375,fwd_ret,50,lgbm,PANEL_2X2,5
microprice_dev_lag20,4254.740234375,fwd_ret,50,lgbm,PANEL_2X2,5
obi_l3_lag50,0.0,fwd_ret,50,lgbm,PANEL_2X2,5
microprice_dev_lag5,0.0,fwd_ret,50,lgbm,PANEL_2X2,5
obi_l3_lag20,0.0,fwd_ret,50,lgbm,PANEL_2X2,5
obi_l1_lag1,0.0,fwd_ret,50,lgbm,PANEL_2X2,5
obi_l1_lag20,0.0,fwd_ret,50,lgbm,PANEL_2X2,5
obi_l1_lag50,0.0,fwd_ret,50,lgbm,PANEL_2X2,5
obi_l3_lag1,0.0,fwd_ret,50,lgbm,PANEL_2X2,5
obi_l1_lag20,41.485894249007266,fwd_ret,100,ridge,PANEL_2X2,5
obi_l1_lag5,33.12944936269839,fwd_ret,100,ridge,PANEL_2X2,5
fam_mean_obi_l1_lag20,30.656022526302955,fwd_ret,100,ridge,PANEL_2X2,5
obi_l3_lag20,17.538552561660207,fwd_ret,100,ridge,PANEL_2X2,5
obi_l1_lag1,14.103400964826253,fwd_ret,100,ridge,PANEL_2X2,5
obi_l3_lag50,12.468096034367406,fwd_ret,100,ridge,PANEL_2X2,5
fam_mean_obi_l1_lag5,9.546635328029875,fwd_ret,100,ridge,PANEL_2X2,5
std_500_lag5,9.507177661017828,fwd_ret,100,ridge,PANEL_2X2,5
std_500_lag1,8.742240725085326,fwd_ret,100,ridge,PANEL_2X2,5
microprice_dev_lag20,7.80481758106674,fwd_ret,100,ridge,PANEL_2X2,5
fam_mean_microprice_dev_lag20,6.002183047208051,fwd_ret,100,ridge,PANEL_2X2,5
microprice_dev_lag5,5.577497240135232,fwd_ret,100,ridge,PANEL_2X2,5
obi_l1_lag50,4.327428116657701,fwd_ret,100,ridge,PANEL_2X2,5
obi_l3_lag5,3.5696690090683783,fwd_ret,100,ridge,PANEL_2X2,5
microprice_dev_lag1,3.274984918514549,fwd_ret,100,ridge,PANEL_2X2,5
fam_mean_microprice_dev_lag5,2.878935537880107,fwd_ret,100,ridge,PANEL_2X2,5
microprice_dev_lag50,2.280413171235817,fwd_ret,100,ridge,PANEL_2X2,5
obi_l3_lag1,1.982476367576267,fwd_ret,100,ridge,PANEL_2X2,5
spread_bps_lag20,1.003338249315005,fwd_ret,100,ridge,PANEL_2X2,5
std_500_lag50,0.9772887038665095,fwd_ret,100,ridge,PANEL_2X2,5
spread_bps_lag50,0.8638370704092675,fwd_ret,100,ridge,PANEL_2X2,5
signed_flow_20_lag20,0.635636481788901,fwd_ret,100,ridge,PANEL_2X2,5
spread_bps_lag5,0.5788236723502627,fwd_ret,100,ridge,PANEL_2X2,5
signed_flow_20_lag50,0.40673469254022,fwd_ret,100,ridge,PANEL_2X2,5
spread_bps_lag1,0.4049557892071163,fwd_ret,100,ridge,PANEL_2X2,5
std_50_lag50,0.39435111933225464,fwd_ret,100,ridge,PANEL_2X2,5
std_50_lag5,0.3330177403878051,fwd_ret,100,ridge,PANEL_2X2,5
std_50_lag20,0.25660194206227627,fwd_ret,100,ridge,PANEL_2X2,5
signed_flow_20_lag5,0.2261957195430076,fwd_ret,100,ridge,PANEL_2X2,5
signed_flow_20_lag1,0.17576796812012407,fwd_ret,100,ridge,PANEL_2X2,5
std_500_lag20,0.1633548215833248,fwd_ret,100,ridge,PANEL_2X2,5
fam_mean_ret_10_lag20,0.12903878062524907,fwd_ret,100,ridge,PANEL_2X2,5
std_50_lag1,0.1252443048318965,fwd_ret,100,ridge,PANEL_2X2,5
vwap_dev_lag1,0.11601726764627358,fwd_ret,100,ridge,PANEL_2X2,5
ret_10_lag5,0.10367369640717403,fwd_ret,100,ridge,PANEL_2X2,5
ret_10_lag1,0.06440926487871643,fwd_ret,100,ridge,PANEL_2X2,5
ret_10_lag20,0.05711566911924331,fwd_ret,100,ridge,PANEL_2X2,5
ret_1_lag1,0.05230820476269135,fwd_ret,100,ridge,PANEL_2X2,5
vwap_dev_lag5,0.037403715807106205,fwd_ret,100,ridge,PANEL_2X2,5
ret_10_lag50,0.035933879146690155,fwd_ret,100,ridge,PANEL_2X2,5
ret_1_lag20,0.032993596597566954,fwd_ret,100,ridge,PANEL_2X2,5
ret_1_lag5,0.031033363339958188,fwd_ret,100,ridge,PANEL_2X2,5
vwap_dev_lag50,0.03076644167540717,fwd_ret,100,ridge,PANEL_2X2,5
vwap_dev_lag20,0.020854759989114686,fwd_ret,100,ridge,PANEL_2X2,5
fam_mean_ret_10_lag5,0.01434438262764227,fwd_ret,100,ridge,PANEL_2X2,5
ret_1_lag50,0.0011365729082905972,fwd_ret,100,ridge,PANEL_2X2,5
std_500_lag50,242473873.99609375,fwd_ret,100,lgbm,PANEL_2X2,5
std_500_lag1,201502517.14941406,fwd_ret,100,lgbm,PANEL_2X2,5
std_500_lag20,131007770.39160156,fwd_ret,100,lgbm,PANEL_2X2,5
std_50_lag50,115044782.54296875,fwd_ret,100,lgbm,PANEL_2X2,5
spread_bps_lag50,96059778.13964844,fwd_ret,100,lgbm,PANEL_2X2,5
std_50_lag20,89831887.75341797,fwd_ret,100,lgbm,PANEL_2X2,5
vwap_dev_lag50,85711393.01757812,fwd_ret,100,lgbm,PANEL_2X2,5
std_500_lag5,72101478.59082031,fwd_ret,100,lgbm,PANEL_2X2,5
spread_bps_lag1,68482730.68798828,fwd_ret,100,lgbm,PANEL_2X2,5
vwap_dev_lag20,64005412.384765625,fwd_ret,100,lgbm,PANEL_2X2,5
std_50_lag1,62809507.77050781,fwd_ret,100,lgbm,PANEL_2X2,5
vwap_dev_lag1,49873953.174316406,fwd_ret,100,lgbm,PANEL_2X2,5
spread_bps_lag20,49343502.74316406,fwd_ret,100,lgbm,PANEL_2X2,5
std_50_lag5,45935508.74707031,fwd_ret,100,lgbm,PANEL_2X2,5
vwap_dev_lag5,39410678.29980469,fwd_ret,100,lgbm,PANEL_2X2,5
spread_bps_lag5,37491240.44824219,fwd_ret,100,lgbm,PANEL_2X2,5
signed_flow_20_lag50,36391870.90332031,fwd_ret,100,lgbm,PANEL_2X2,5
signed_flow_20_lag20,27663520.072265625,fwd_ret,100,lgbm,PANEL_2X2,5
signed_flow_20_lag1,22392500.71533203,fwd_ret,100,lgbm,PANEL_2X2,5
fam_mean_ret_10_lag20,16798683.401367188,fwd_ret,100,lgbm,PANEL_2X2,5
fam_mean_ret_10_lag5,15860762.125488281,fwd_ret,100,lgbm,PANEL_2X2,5
signed_flow_20_lag5,11359676.69921875,fwd_ret,100,lgbm,PANEL_2X2,5
ret_10_lag20,9008333.053710938,fwd_ret,100,lgbm,PANEL_2X2,5
ret_10_lag5,6586769.6240234375,fwd_ret,100,lgbm,PANEL_2X2,5
ret_10_lag50,5538356.026855469,fwd_ret,100,lgbm,PANEL_2X2,5
ret_10_lag1,3273121.099609375,fwd_ret,100,lgbm,PANEL_2X2,5
ret_1_lag1,594194.2119140625,fwd_ret,100,lgbm,PANEL_2X2,5
ret_1_lag20,301119.4306640625,fwd_ret,100,lgbm,PANEL_2X2,5
fam_mean_microprice_dev_lag20,278408.5029296875,fwd_ret,100,lgbm,PANEL_2X2,5
fam_mean_obi_l1_lag5,261117.33984375,fwd_ret,100,lgbm,PANEL_2X2,5
ret_1_lag50,210587.91845703125,fwd_ret,100,lgbm,PANEL_2X2,5
fam_mean_obi_l1_lag20,204477.5498046875,fwd_ret,100,lgbm,PANEL_2X2,5
fam_mean_microprice_dev_lag5,193319.19921875,fwd_ret,100,lgbm,PANEL_2X2,5
ret_1_lag5,192987.541015625,fwd_ret,100,lgbm,PANEL_2X2,5
obi_l3_lag20,123374.3984375,fwd_ret,100,lgbm,PANEL_2X2,5
microprice_dev_lag5,117045.80029296875,fwd_ret,100,lgbm,PANEL_2X2,5
obi_l1_lag1,103488.8193359375,fwd_ret,100,lgbm,PANEL_2X2,5
obi_l1_lag5,73038.8701171875,fwd_ret,100,lgbm,PANEL_2X2,5
microprice_dev_lag20,63988.7890625,fwd_ret,100,lgbm,PANEL_2X2,5
obi_l1_lag20,46419.4013671875,fwd_ret,100,lgbm,PANEL_2X2,5
microprice_dev_lag50,33613.37939453125,fwd_ret,100,lgbm,PANEL_2X2,5
obi_l3_lag1,28017.5,fwd_ret,100,lgbm,PANEL_2X2,5
obi_l3_lag50,13688.5,fwd_ret,100,lgbm,PANEL_2X2,5
microprice_dev_lag1,0.0,fwd_ret,100,lgbm,PANEL_2X2,5
obi_l1_lag50,0.0,fwd_ret,100,lgbm,PANEL_2X2,5
obi_l3_lag5,0.0,fwd_ret,100,lgbm,PANEL_2X2,5
obi_l3_lag20,77.58009392368251,fwd_ret,50,ridge,PANEL_2X4,5
obi_l3_lag50,64.83519842288202,fwd_ret,50,ridge,PANEL_2X4,5
obi_l1_lag1,61.54921387275942,fwd_ret,50,ridge,PANEL_2X4,5
obi_l1_lag5,50.651707920627324,fwd_ret,50,ridge,PANEL_2X4,5
fam_mean_obi_l1_lag20,48.46446021517488,fwd_ret,50,ridge,PANEL_2X4,5
fam_mean_obi_l1_lag5,43.01583317454111,fwd_ret,50,ridge,PANEL_2X4,5
obi_l1_lag50,31.895632102875688,fwd_ret,50,ridge,PANEL_2X4,5
microprice_dev_lag5,31.186623008222902,fwd_ret,50,ridge,PANEL_2X4,5
microprice_dev_lag1,29.42300106234448,fwd_ret,50,ridge,PANEL_2X4,5
obi_l3_lag5,27.767256254111544,fwd_ret,50,ridge,PANEL_2X4,5
obi_l3_lag1,25.68035100499795,fwd_ret,50,ridge,PANEL_2X4,5
obi_l1_lag20,24.845171437399394,fwd_ret,50,ridge,PANEL_2X4,5
microprice_dev_lag20,22.43807673643235,fwd_ret,50,ridge,PANEL_2X4,5
microprice_dev_lag50,17.71714370411946,fwd_ret,50,ridge,PANEL_2X4,5
fam_mean_microprice_dev_lag20,13.620218334089044,fwd_ret,50,ridge,PANEL_2X4,5
fam_mean_microprice_dev_lag5,10.694845366810094,fwd_ret,50,ridge,PANEL_2X4,5
std_500_lag5,2.398577217954168,fwd_ret,50,ridge,PANEL_2X4,5
signed_flow_20_lag20,2.167576327860238,fwd_ret,50,ridge,PANEL_2X4,5
std_500_lag1,1.5701950347740514,fwd_ret,50,ridge,PANEL_2X4,5
std_500_lag20,1.4830788447327974,fwd_ret,50,ridge,PANEL_2X4,5
spread_bps_lag5,1.3137503183451007,fwd_ret,50,ridge,PANEL_2X4,5
spread_bps_lag1,1.115412964083699,fwd_ret,50,ridge,PANEL_2X4,5
spread_bps_lag20,1.0903483171017787,fwd_ret,50,ridge,PANEL_2X4,5
signed_flow_20_lag50,0.9133007964769222,fwd_ret,50,ridge,PANEL_2X4,5
signed_flow_20_lag1,0.8839209387230469,fwd_ret,50,ridge,PANEL_2X4,5
std_500_lag50,0.7809886546390803,fwd_ret,50,ridge,PANEL_2X4,5
signed_flow_20_lag5,0.7166471301457354,fwd_ret,50,ridge,PANEL_2X4,5
std_50_lag50,0.20711208284036323,fwd_ret,50,ridge,PANEL_2X4,5
std_50_lag1,0.1707452140077238,fwd_ret,50,ridge,PANEL_2X4,5
std_50_lag5,0.13184883523248292,fwd_ret,50,ridge,PANEL_2X4,5
ret_10_lag20,0.09890902377401284,fwd_ret,50,ridge,PANEL_2X4,5
fam_mean_ret_10_lag20,0.08280822965446252,fwd_ret,50,ridge,PANEL_2X4,5
std_50_lag20,0.07720954404638039,fwd_ret,50,ridge,PANEL_2X4,5
spread_bps_lag50,0.07093071642880301,fwd_ret,50,ridge,PANEL_2X4,5
vwap_dev_lag50,0.051482666012690116,fwd_ret,50,ridge,PANEL_2X4,5
ret_10_lag5,0.04933208701292088,fwd_ret,50,ridge,PANEL_2X4,5
vwap_dev_lag20,0.04568035508701037,fwd_ret,50,ridge,PANEL_2X4,5
ret_10_lag50,0.03210045692493451,fwd_ret,50,ridge,PANEL_2X4,5
ret_10_lag1,0.030646166164487943,fwd_ret,50,ridge,PANEL_2X4,5
ret_1_lag20,0.01975014023041005,fwd_ret,50,ridge,PANEL_2X4,5
ret_1_lag50,0.014774125777999917,fwd_ret,50,ridge,PANEL_2X4,5
fam_mean_ret_10_lag5,0.012844455330931884,fwd_ret,50,ridge,PANEL_2X4,5
vwap_dev_lag1,0.008068567723260596,fwd_ret,50,ridge,PANEL_2X4,5
vwap_dev_lag5,0.006623024763209241,fwd_ret,50,ridge,PANEL_2X4,5
ret_1_lag1,0.0038356291974223715,fwd_ret,50,ridge,PANEL_2X4,5
ret_1_lag5,0.002018586893992241,fwd_ret,50,ridge,PANEL_2X4,5
std_500_lag50,151817503.1665039,fwd_ret,50,lgbm,PANEL_2X4,5
std_500_lag1,98493662.88574219,fwd_ret,50,lgbm,PANEL_2X4,5
std_500_lag20,76686631.171875,fwd_ret,50,lgbm,PANEL_2X4,5
std_50_lag50,57781828.021484375,fwd_ret,50,lgbm,PANEL_2X4,5
std_50_lag20,54861949.182128906,fwd_ret,50,lgbm,PANEL_2X4,5
std_500_lag5,49773467.052246094,fwd_ret,50,lgbm,PANEL_2X4,5
vwap_dev_lag50,49053703.748535156,fwd_ret,50,lgbm,PANEL_2X4,5
spread_bps_lag50,44805843.23828125,fwd_ret,50,lgbm,PANEL_2X4,5
std_50_lag1,35707161.3359375,fwd_ret,50,lgbm,PANEL_2X4,5
spread_bps_lag1,33561243.541015625,fwd_ret,50,lgbm,PANEL_2X4,5
vwap_dev_lag20,33232902.720703125,fwd_ret,50,lgbm,PANEL_2X4,5
spread_bps_lag20,32916465.17138672,fwd_ret,50,lgbm,PANEL_2X4,5
vwap_dev_lag1,32577145.439941406,fwd_ret,50,lgbm,PANEL_2X4,5
std_50_lag5,31491441.897460938,fwd_ret,50,lgbm,PANEL_2X4,5
spread_bps_lag5,31217726.72998047,fwd_ret,50,lgbm,PANEL_2X4,5
signed_flow_20_lag20,22688092.440429688,fwd_ret,50,lgbm,PANEL_2X4,5
signed_flow_20_lag50,20259252.66796875,fwd_ret,50,lgbm,PANEL_2X4,5
vwap_dev_lag5,17665735.829101562,fwd_ret,50,lgbm,PANEL_2X4,5
signed_flow_20_lag5,16291487.499023438,fwd_ret,50,lgbm,PANEL_2X4,5
signed_flow_20_lag1,13070409.090820312,fwd_ret,50,lgbm,PANEL_2X4,5
fam_mean_ret_10_lag5,7507085.4033203125,fwd_ret,50,lgbm,PANEL_2X4,5
fam_mean_ret_10_lag20,7279684.736328125,fwd_ret,50,lgbm,PANEL_2X4,5
ret_10_lag50,5911587.515625,fwd_ret,50,lgbm,PANEL_2X4,5
ret_10_lag20,5202276.1337890625,fwd_ret,50,lgbm,PANEL_2X4,5
ret_10_lag5,3971420.72265625,fwd_ret,50,lgbm,PANEL_2X4,5
ret_10_lag1,3812743.8916015625,fwd_ret,50,lgbm,PANEL_2X4,5
ret_1_lag50,392372.0986328125,fwd_ret,50,lgbm,PANEL_2X4,5
ret_1_lag1,326633.78955078125,fwd_ret,50,lgbm,PANEL_2X4,5
microprice_dev_lag5,318798.73193359375,fwd_ret,50,lgbm,PANEL_2X4,5
ret_1_lag5,261439.369140625,fwd_ret,50,lgbm,PANEL_2X4,5
fam_mean_obi_l1_lag20,194026.15966796875,fwd_ret,50,lgbm,PANEL_2X4,5
ret_1_lag20,144498.7490234375,fwd_ret,50,lgbm,PANEL_2X4,5
microprice_dev_lag1,132575.3095703125,fwd_ret,50,lgbm,PANEL_2X4,5
fam_mean_microprice_dev_lag20,114348.298828125,fwd_ret,50,lgbm,PANEL_2X4,5
fam_mean_obi_l1_lag5,100046.3125,fwd_ret,50,lgbm,PANEL_2X4,5
fam_mean_microprice_dev_lag5,44719.84912109375,fwd_ret,50,lgbm,PANEL_2X4,5
obi_l1_lag20,34607.36083984375,fwd_ret,50,lgbm,PANEL_2X4,5
microprice_dev_lag20,19768.30078125,fwd_ret,50,lgbm,PANEL_2X4,5
obi_l3_lag50,6832.75,fwd_ret,50,lgbm,PANEL_2X4,5
obi_l1_lag1,4250.5400390625,fwd_ret,50,lgbm,PANEL_2X4,5
microprice_dev_lag50,0.0,fwd_ret,50,lgbm,PANEL_2X4,5
obi_l3_lag20,0.0,fwd_ret,50,lgbm,PANEL_2X4,5
obi_l1_lag5,0.0,fwd_ret,50,lgbm,PANEL_2X4,5
obi_l1_lag50,0.0,fwd_ret,50,lgbm,PANEL_2X4,5
obi_l3_lag1,0.0,fwd_ret,50,lgbm,PANEL_2X4,5
obi_l3_lag5,0.0,fwd_ret,50,lgbm,PANEL_2X4,5
obi_l3_lag20,100.83094006502427,fwd_ret,100,ridge,PANEL_2X4,5
obi_l1_lag1,98.39345316490783,fwd_ret,100,ridge,PANEL_2X4,5
obi_l3_lag5,87.5608106397083,fwd_ret,100,ridge,PANEL_2X4,5
obi_l3_lag1,85.53092772702115,fwd_ret,100,ridge,PANEL_2X4,5
obi_l1_lag5,78.12497331525448,fwd_ret,100,ridge,PANEL_2X4,5
obi_l1_lag20,71.65797251885722,fwd_ret,100,ridge,PANEL_2X4,5
fam_mean_obi_l1_lag20,56.81464024124683,fwd_ret,100,ridge,PANEL_2X4,5
fam_mean_obi_l1_lag5,51.54661380724501,fwd_ret,100,ridge,PANEL_2X4,5
microprice_dev_lag1,48.850231278744246,fwd_ret,100,ridge,PANEL_2X4,5
microprice_dev_lag5,43.407425083910695,fwd_ret,100,ridge,PANEL_2X4,5
obi_l1_lag50,41.94843581062526,fwd_ret,100,ridge,PANEL_2X4,5
microprice_dev_lag20,37.73563208843561,fwd_ret,100,ridge,PANEL_2X4,5
obi_l3_lag50,36.86889414157748,fwd_ret,100,ridge,PANEL_2X4,5
fam_mean_microprice_dev_lag20,20.05320603471702,fwd_ret,100,ridge,PANEL_2X4,5
microprice_dev_lag50,18.857049339714887,fwd_ret,100,ridge,PANEL_2X4,5
fam_mean_microprice_dev_lag5,16.26556947122075,fwd_ret,100,ridge,PANEL_2X4,5
std_500_lag5,3.828471466427944,fwd_ret,100,ridge,PANEL_2X4,5
signed_flow_20_lag20,3.6123115815393345,fwd_ret,100,ridge,PANEL_2X4,5
std_500_lag1,3.5176363376014854,fwd_ret,100,ridge,PANEL_2X4,5
signed_flow_20_lag1,2.4130345248639884,fwd_ret,100,ridge,PANEL_2X4,5
signed_flow_20_lag50,1.8770321195148383,fwd_ret,100,ridge,PANEL_2X4,5
spread_bps_lag20,1.329356590525338,fwd_ret,100,ridge,PANEL_2X4,5
spread_bps_lag5,1.148283777362501,fwd_ret,100,ridge,PANEL_2X4,5
spread_bps_lag1,0.9870029672384455,fwd_ret,100,ridge,PANEL_2X4,5
spread_bps_lag50,0.7208119728118144,fwd_ret,100,ridge,PANEL_2X4,5
std_500_lag20,0.45907031881108284,fwd_ret,100,ridge,PANEL_2X4,5
std_50_lag1,0.453861274884979,fwd_ret,100,ridge,PANEL_2X4,5
std_500_lag50,0.39011271333902625,fwd_ret,100,ridge,PANEL_2X4,5
std_50_lag5,0.29459155713522606,fwd_ret,100,ridge,PANEL_2X4,5
std_50_lag20,0.17235077912853583,fwd_ret,100,ridge,PANEL_2X4,5
vwap_dev_lag50,0.11205460488816105,fwd_ret,100,ridge,PANEL_2X4,5
signed_flow_20_lag5,0.1002489738327644,fwd_ret,100,ridge,PANEL_2X4,5
ret_10_lag50,0.08269920308372244,fwd_ret,100,ridge,PANEL_2X4,5
vwap_dev_lag1,0.06811105214311447,fwd_ret,100,ridge,PANEL_2X4,5
ret_10_lag1,0.06524990833290628,fwd_ret,100,ridge,PANEL_2X4,5
ret_1_lag1,0.05331675477464496,fwd_ret,100,ridge,PANEL_2X4,5
vwap_dev_lag5,0.047632715893477985,fwd_ret,100,ridge,PANEL_2X4,5
vwap_dev_lag20,0.04743637226537204,fwd_ret,100,ridge,PANEL_2X4,5
fam_mean_ret_10_lag5,0.04089087075125789,fwd_ret,100,ridge,PANEL_2X4,5
ret_10_lag5,0.023711799981167746,fwd_ret,100,ridge,PANEL_2X4,5
ret_1_lag5,0.02328943356782652,fwd_ret,100,ridge,PANEL_2X4,5
fam_mean_ret_10_lag20,0.01916308676428147,fwd_ret,100,ridge,PANEL_2X4,5
ret_1_lag20,0.014135498393116432,fwd_ret,100,ridge,PANEL_2X4,5
ret_10_lag20,0.012938550277831098,fwd_ret,100,ridge,PANEL_2X4,5
ret_1_lag50,0.0037732726753053163,fwd_ret,100,ridge,PANEL_2X4,5
std_50_lag50,0.002335658653227771,fwd_ret,100,ridge,PANEL_2X4,5
std_500_lag50,447869501.8754883,fwd_ret,100,lgbm,PANEL_2X4,5
std_500_lag1,202902089.22558594,fwd_ret,100,lgbm,PANEL_2X4,5
std_500_lag20,164754573.0571289,fwd_ret,100,lgbm,PANEL_2X4,5
spread_bps_lag50,160244484.21972656,fwd_ret,100,lgbm,PANEL_2X4,5
std_50_lag50,114611746.47070312,fwd_ret,100,lgbm,PANEL_2X4,5
vwap_dev_lag50,95997582.640625,fwd_ret,100,lgbm,PANEL_2X4,5
std_50_lag20,95913186.09375,fwd_ret,100,lgbm,PANEL_2X4,5
vwap_dev_lag20,94401287.04003906,fwd_ret,100,lgbm,PANEL_2X4,5
spread_bps_lag1,91337072.90966797,fwd_ret,100,lgbm,PANEL_2X4,5
vwap_dev_lag1,85713524.02539062,fwd_ret,100,lgbm,PANEL_2X4,5
spread_bps_lag5,81844135.90625,fwd_ret,100,lgbm,PANEL_2X4,5
std_500_lag5,80265716.37890625,fwd_ret,100,lgbm,PANEL_2X4,5
spread_bps_lag20,63034775.342285156,fwd_ret,100,lgbm,PANEL_2X4,5
std_50_lag1,61682704.88378906,fwd_ret,100,lgbm,PANEL_2X4,5
std_50_lag5,58351854.736328125,fwd_ret,100,lgbm,PANEL_2X4,5
signed_flow_20_lag20,48325238.69921875,fwd_ret,100,lgbm,PANEL_2X4,5
vwap_dev_lag5,38506173.201171875,fwd_ret,100,lgbm,PANEL_2X4,5
signed_flow_20_lag50,37270866.767578125,fwd_ret,100,lgbm,PANEL_2X4,5
signed_flow_20_lag1,27483969.413085938,fwd_ret,100,lgbm,PANEL_2X4,5
signed_flow_20_lag5,26985958.314453125,fwd_ret,100,lgbm,PANEL_2X4,5
fam_mean_ret_10_lag20,10900312.712890625,fwd_ret,100,lgbm,PANEL_2X4,5
fam_mean_ret_10_lag5,10330890.609375,fwd_ret,100,lgbm,PANEL_2X4,5
ret_10_lag1,10264925.006835938,fwd_ret,100,lgbm,PANEL_2X4,5
ret_10_lag50,8049397.818359375,fwd_ret,100,lgbm,PANEL_2X4,5
ret_10_lag20,7592777.33203125,fwd_ret,100,lgbm,PANEL_2X4,5
ret_10_lag5,2987069.70703125,fwd_ret,100,lgbm,PANEL_2X4,5
microprice_dev_lag1,946918.5874023438,fwd_ret,100,lgbm,PANEL_2X4,5
fam_mean_obi_l1_lag5,413283.8583984375,fwd_ret,100,lgbm,PANEL_2X4,5
ret_1_lag1,342129.56591796875,fwd_ret,100,lgbm,PANEL_2X4,5
ret_1_lag50,331772.9287109375,fwd_ret,100,lgbm,PANEL_2X4,5
microprice_dev_lag5,210999.5595703125,fwd_ret,100,lgbm,PANEL_2X4,5
fam_mean_obi_l1_lag20,170899.6005859375,fwd_ret,100,lgbm,PANEL_2X4,5
fam_mean_microprice_dev_lag5,61411.19921875,fwd_ret,100,lgbm,PANEL_2X4,5
ret_1_lag20,60087.5,fwd_ret,100,lgbm,PANEL_2X4,5
fam_mean_microprice_dev_lag20,51781.5,fwd_ret,100,lgbm,PANEL_2X4,5
ret_1_lag5,26750.400390625,fwd_ret,100,lgbm,PANEL_2X4,5
obi_l3_lag50,14986.7001953125,fwd_ret,100,lgbm,PANEL_2X4,5
microprice_dev_lag20,7341.080078125,fwd_ret,100,lgbm,PANEL_2X4,5
microprice_dev_lag50,0.0,fwd_ret,100,lgbm,PANEL_2X4,5
obi_l3_lag20,0.0,fwd_ret,100,lgbm,PANEL_2X4,5
obi_l1_lag1,0.0,fwd_ret,100,lgbm,PANEL_2X4,5
obi_l1_lag5,0.0,fwd_ret,100,lgbm,PANEL_2X4,5
obi_l1_lag20,0.0,fwd_ret,100,lgbm,PANEL_2X4,5
obi_l1_lag50,0.0,fwd_ret,100,lgbm,PANEL_2X4,5
obi_l3_lag1,0.0,fwd_ret,100,lgbm,PANEL_2X4,5
obi_l3_lag5,0.0,fwd_ret,100,lgbm,PANEL_2X4,5
obi_l3_lag5,38.67991993763987,fwd_ret,50,ridge,PANEL_4X4,5
obi_l3_lag1,31.636612789333356,fwd_ret,50,ridge,PANEL_4X4,5
obi_l1_lag50,16.447348715799524,fwd_ret,50,ridge,PANEL_4X4,5
fam_mean_obi_l1_lag5,12.895891031919314,fwd_ret,50,ridge,PANEL_4X4,5
obi_l1_lag5,10.726744628732588,fwd_ret,50,ridge,PANEL_4X4,5
obi_l3_lag20,10.51915160969428,fwd_ret,50,ridge,PANEL_4X4,5
microprice_dev_lag50,6.402596677157656,fwd_ret,50,ridge,PANEL_4X4,5
obi_l3_lag50,5.778793250820117,fwd_ret,50,ridge,PANEL_4X4,5
obi_l1_lag1,3.472050991299656,fwd_ret,50,ridge,PANEL_4X4,5
fam_mean_microprice_dev_lag5,3.188460847565866,fwd_ret,50,ridge,PANEL_4X4,5
microprice_dev_lag5,2.64623326456555,fwd_ret,50,ridge,PANEL_4X4,5
std_500_lag1,2.0205817386609284,fwd_ret,50,ridge,PANEL_4X4,5
std_500_lag5,1.6507950267324922,fwd_ret,50,ridge,PANEL_4X4,5
fam_mean_microprice_dev_lag20,1.410068385951907,fwd_ret,50,ridge,PANEL_4X4,5
fam_mean_obi_l1_lag20,1.353320700470213,fwd_ret,50,ridge,PANEL_4X4,5
spread_bps_lag20,1.2267673831736892,fwd_ret,50,ridge,PANEL_4X4,5
spread_bps_lag1,1.0985804255951996,fwd_ret,50,ridge,PANEL_4X4,5
spread_bps_lag5,1.012055524682644,fwd_ret,50,ridge,PANEL_4X4,5
microprice_dev_lag1,0.7565993805955457,fwd_ret,50,ridge,PANEL_4X4,5
obi_l1_lag20,0.6190067260946033,fwd_ret,50,ridge,PANEL_4X4,5
std_500_lag20,0.4932417068317832,fwd_ret,50,ridge,PANEL_4X4,5
std_50_lag20,0.38157264294375265,fwd_ret,50,ridge,PANEL_4X4,5
signed_flow_20_lag50,0.33404069941547015,fwd_ret,50,ridge,PANEL_4X4,5
std_50_lag50,0.3274835860065027,fwd_ret,50,ridge,PANEL_4X4,5
microprice_dev_lag20,0.26320920377944956,fwd_ret,50,ridge,PANEL_4X4,5
signed_flow_20_lag5,0.24082845319920107,fwd_ret,50,ridge,PANEL_4X4,5
fam_mean_ret_10_lag5,0.2106645594632852,fwd_ret,50,ridge,PANEL_4X4,5
std_500_lag50,0.20585929823578908,fwd_ret,50,ridge,PANEL_4X4,5
fam_mean_ret_10_lag20,0.20252550205777448,fwd_ret,50,ridge,PANEL_4X4,5
spread_bps_lag50,0.20247800628679125,fwd_ret,50,ridge,PANEL_4X4,5
signed_flow_20_lag1,0.12894343627714266,fwd_ret,50,ridge,PANEL_4X4,5
ret_10_lag50,0.10921250691367598,fwd_ret,50,ridge,PANEL_4X4,5
vwap_dev_lag50,0.09787453650145472,fwd_ret,50,ridge,PANEL_4X4,5
std_50_lag1,0.03892451035658837,fwd_ret,50,ridge,PANEL_4X4,5
vwap_dev_lag1,0.03306137163192066,fwd_ret,50,ridge,PANEL_4X4,5
signed_flow_20_lag20,0.03156930170135251,fwd_ret,50,ridge,PANEL_4X4,5
std_50_lag5,0.027689810503048588,fwd_ret,50,ridge,PANEL_4X4,5
ret_1_lag20,0.022777027869117752,fwd_ret,50,ridge,PANEL_4X4,5
ret_1_lag50,0.015519574497360723,fwd_ret,50,ridge,PANEL_4X4,5
vwap_dev_lag5,0.012490465542108762,fwd_ret,50,ridge,PANEL_4X4,5
ret_10_lag5,0.011840083734319686,fwd_ret,50,ridge,PANEL_4X4,5
ret_1_lag5,0.006925858968027257,fwd_ret,50,ridge,PANEL_4X4,5
ret_1_lag1,0.0038005604059014363,fwd_ret,50,ridge,PANEL_4X4,5
ret_10_lag20,0.002863673531137091,fwd_ret,50,ridge,PANEL_4X4,5
ret_10_lag1,0.0028456196812646464,fwd_ret,50,ridge,PANEL_4X4,5
vwap_dev_lag20,0.00177496333024289,fwd_ret,50,ridge,PANEL_4X4,5
std_500_lag50,119253347.6184082,fwd_ret,50,lgbm,PANEL_4X4,5
std_500_lag1,90992474.4621582,fwd_ret,50,lgbm,PANEL_4X4,5
std_500_lag20,72491603.22290039,fwd_ret,50,lgbm,PANEL_4X4,5
vwap_dev_lag50,45924855.498535156,fwd_ret,50,lgbm,PANEL_4X4,5
std_50_lag20,44991236.084472656,fwd_ret,50,lgbm,PANEL_4X4,5
std_50_lag50,40802496.279052734,fwd_ret,50,lgbm,PANEL_4X4,5
spread_bps_lag50,40686528.73852539,fwd_ret,50,lgbm,PANEL_4X4,5
spread_bps_lag20,40615753.20605469,fwd_ret,50,lgbm,PANEL_4X4,5
std_500_lag5,38806270.7175293,fwd_ret,50,lgbm,PANEL_4X4,5
spread_bps_lag1,27407763.24584961,fwd_ret,50,lgbm,PANEL_4X4,5
vwap_dev_lag20,26734593.401367188,fwd_ret,50,lgbm,PANEL_4X4,5
spread_bps_lag5,24593803.66796875,fwd_ret,50,lgbm,PANEL_4X4,5
vwap_dev_lag1,23924923.74560547,fwd_ret,50,lgbm,PANEL_4X4,5
std_50_lag1,23107517.440185547,fwd_ret,50,lgbm,PANEL_4X4,5
signed_flow_20_lag50,19437287.24609375,fwd_ret,50,lgbm,PANEL_4X4,5
std_50_lag5,19268437.793945312,fwd_ret,50,lgbm,PANEL_4X4,5
signed_flow_20_lag20,17603071.833984375,fwd_ret,50,lgbm,PANEL_4X4,5
vwap_dev_lag5,16871182.80517578,fwd_ret,50,lgbm,PANEL_4X4,5
signed_flow_20_lag1,11769018.439941406,fwd_ret,50,lgbm,PANEL_4X4,5
signed_flow_20_lag5,6702464.094970703,fwd_ret,50,lgbm,PANEL_4X4,5
fam_mean_ret_10_lag5,5371026.3310546875,fwd_ret,50,lgbm,PANEL_4X4,5
fam_mean_ret_10_lag20,4824590.38671875,fwd_ret,50,lgbm,PANEL_4X4,5
ret_10_lag20,4650061.201171875,fwd_ret,50,lgbm,PANEL_4X4,5
ret_10_lag50,4511419.679931641,fwd_ret,50,lgbm,PANEL_4X4,5
ret_10_lag1,4017588.1018066406,fwd_ret,50,lgbm,PANEL_4X4,5
ret_10_lag5,2997412.3310546875,fwd_ret,50,lgbm,PANEL_4X4,5
ret_1_lag1,340455.5495605469,fwd_ret,50,lgbm,PANEL_4X4,5
ret_1_lag5,253431.44067382812,fwd_ret,50,lgbm,PANEL_4X4,5
ret_1_lag50,248340.35083007812,fwd_ret,50,lgbm,PANEL_4X4,5
obi_l1_lag50,217957.5595703125,fwd_ret,50,lgbm,PANEL_4X4,5
fam_mean_obi_l1_lag5,210159.64697265625,fwd_ret,50,lgbm,PANEL_4X4,5
microprice_dev_lag50,173609.1201171875,fwd_ret,50,lgbm,PANEL_4X4,5
ret_1_lag20,163908.87060546875,fwd_ret,50,lgbm,PANEL_4X4,5
fam_mean_microprice_dev_lag20,128818.330078125,fwd_ret,50,lgbm,PANEL_4X4,5
fam_mean_obi_l1_lag20,72789.01049804688,fwd_ret,50,lgbm,PANEL_4X4,5
fam_mean_microprice_dev_lag5,64607.0205078125,fwd_ret,50,lgbm,PANEL_4X4,5
obi_l1_lag20,32871.4990234375,fwd_ret,50,lgbm,PANEL_4X4,5
obi_l1_lag5,26308.30078125,fwd_ret,50,lgbm,PANEL_4X4,5
microprice_dev_lag20,0.0,fwd_ret,50,lgbm,PANEL_4X4,5
obi_l3_lag50,0.0,fwd_ret,50,lgbm,PANEL_4X4,5
microprice_dev_lag1,0.0,fwd_ret,50,lgbm,PANEL_4X4,5
microprice_dev_lag5,0.0,fwd_ret,50,lgbm,PANEL_4X4,5
obi_l3_lag20,0.0,fwd_ret,50,lgbm,PANEL_4X4,5
obi_l1_lag1,0.0,fwd_ret,50,lgbm,PANEL_4X4,5
obi_l3_lag1,0.0,fwd_ret,50,lgbm,PANEL_4X4,5
obi_l3_lag5,0.0,fwd_ret,50,lgbm,PANEL_4X4,5
obi_l3_lag50,79.20781307540368,fwd_ret,100,ridge,PANEL_4X4,5
obi_l3_lag1,47.85924358121728,fwd_ret,100,ridge,PANEL_4X4,5
obi_l1_lag50,40.88434420497773,fwd_ret,100,ridge,PANEL_4X4,5
obi_l3_lag20,32.340584166676734,fwd_ret,100,ridge,PANEL_4X4,5
obi_l1_lag20,31.623352928471675,fwd_ret,100,ridge,PANEL_4X4,5
obi_l3_lag5,25.042833799367653,fwd_ret,100,ridge,PANEL_4X4,5
obi_l1_lag5,24.40027874500492,fwd_ret,100,ridge,PANEL_4X4,5
fam_mean_obi_l1_lag20,17.600607937014804,fwd_ret,100,ridge,PANEL_4X4,5
fam_mean_microprice_dev_lag20,11.725712871863559,fwd_ret,100,ridge,PANEL_4X4,5
fam_mean_obi_l1_lag5,11.397927520010123,fwd_ret,100,ridge,PANEL_4X4,5
microprice_dev_lag50,11.233541951443403,fwd_ret,100,ridge,PANEL_4X4,5
obi_l1_lag1,10.013952600543295,fwd_ret,100,ridge,PANEL_4X4,5
fam_mean_microprice_dev_lag5,9.227233487550782,fwd_ret,100,ridge,PANEL_4X4,5
microprice_dev_lag20,7.709326605599239,fwd_ret,100,ridge,PANEL_4X4,5
microprice_dev_lag5,6.565910185713131,fwd_ret,100,ridge,PANEL_4X4,5
std_500_lag1,4.92669592041954,fwd_ret,100,ridge,PANEL_4X4,5
microprice_dev_lag1,4.755489683479928,fwd_ret,100,ridge,PANEL_4X4,5
std_500_lag5,4.694689277898915,fwd_ret,100,ridge,PANEL_4X4,5
spread_bps_lag20,1.6895161553633735,fwd_ret,100,ridge,PANEL_4X4,5
spread_bps_lag5,1.5010417778475622,fwd_ret,100,ridge,PANEL_4X4,5
spread_bps_lag1,1.2590149336448178,fwd_ret,100,ridge,PANEL_4X4,5
signed_flow_20_lag50,1.0530405302161887,fwd_ret,100,ridge,PANEL_4X4,5
std_50_lag1,0.8698019026881579,fwd_ret,100,ridge,PANEL_4X4,5
signed_flow_20_lag1,0.7359769099059462,fwd_ret,100,ridge,PANEL_4X4,5
std_50_lag5,0.683693496064108,fwd_ret,100,ridge,PANEL_4X4,5
std_50_lag20,0.6521350190698944,fwd_ret,100,ridge,PANEL_4X4,5
std_50_lag50,0.6447088857075831,fwd_ret,100,ridge,PANEL_4X4,5
spread_bps_lag50,0.5880431843971703,fwd_ret,100,ridge,PANEL_4X4,5
std_500_lag20,0.4861538854816147,fwd_ret,100,ridge,PANEL_4X4,5
signed_flow_20_lag5,0.41337821907762934,fwd_ret,100,ridge,PANEL_4X4,5
std_500_lag50,0.4019118964832664,fwd_ret,100,ridge,PANEL_4X4,5
fam_mean_ret_10_lag5,0.2853871760443444,fwd_ret,100,ridge,PANEL_4X4,5
fam_mean_ret_10_lag20,0.23630800571175828,fwd_ret,100,ridge,PANEL_4X4,5
signed_flow_20_lag20,0.20061427306985577,fwd_ret,100,ridge,PANEL_4X4,5
vwap_dev_lag50,0.16245147629137052,fwd_ret,100,ridge,PANEL_4X4,5
ret_10_lag50,0.12145589846691018,fwd_ret,100,ridge,PANEL_4X4,5
vwap_dev_lag20,0.09354382998237361,fwd_ret,100,ridge,PANEL_4X4,5
ret_1_lag20,0.06448270469149354,fwd_ret,100,ridge,PANEL_4X4,5
ret_10_lag1,0.032061580557576165,fwd_ret,100,ridge,PANEL_4X4,5
vwap_dev_lag1,0.0311701427138961,fwd_ret,100,ridge,PANEL_4X4,5
vwap_dev_lag5,0.02959837151383518,fwd_ret,100,ridge,PANEL_4X4,5
ret_1_lag50,0.026214777244365998,fwd_ret,100,ridge,PANEL_4X4,5
ret_10_lag20,0.01941003082698748,fwd_ret,100,ridge,PANEL_4X4,5
ret_1_lag5,0.011198357227605578,fwd_ret,100,ridge,PANEL_4X4,5
ret_1_lag1,0.00573940808800711,fwd_ret,100,ridge,PANEL_4X4,5
ret_10_lag5,0.004478361383275382,fwd_ret,100,ridge,PANEL_4X4,5
std_500_lag50,260367620.41845703,fwd_ret,100,lgbm,PANEL_4X4,5
std_500_lag1,158689772.95117188,fwd_ret,100,lgbm,PANEL_4X4,5
std_500_lag20,149061797.7158203,fwd_ret,100,lgbm,PANEL_4X4,5
spread_bps_lag5,117248797.25439453,fwd_ret,100,lgbm,PANEL_4X4,5
std_50_lag50,104163995.0883789,fwd_ret,100,lgbm,PANEL_4X4,5
spread_bps_lag50,103511136.23925781,fwd_ret,100,lgbm,PANEL_4X4,5
spread_bps_lag1,102575997.05566406,fwd_ret,100,lgbm,PANEL_4X4,5
std_500_lag5,87697510.7421875,fwd_ret,100,lgbm,PANEL_4X4,5
vwap_dev_lag50,83967456.70507812,fwd_ret,100,lgbm,PANEL_4X4,5
std_50_lag20,75095387.14892578,fwd_ret,100,lgbm,PANEL_4X4,5
vwap_dev_lag20,70809657.85791016,fwd_ret,100,lgbm,PANEL_4X4,5
spread_bps_lag20,70274886.09765625,fwd_ret,100,lgbm,PANEL_4X4,5
std_50_lag1,50599970.68359375,fwd_ret,100,lgbm,PANEL_4X4,5
vwap_dev_lag1,48569758.89746094,fwd_ret,100,lgbm,PANEL_4X4,5
signed_flow_20_lag50,42378938.701171875,fwd_ret,100,lgbm,PANEL_4X4,5
std_50_lag5,32334826.399414062,fwd_ret,100,lgbm,PANEL_4X4,5
vwap_dev_lag5,32293581.360839844,fwd_ret,100,lgbm,PANEL_4X4,5
signed_flow_20_lag20,31992039.311523438,fwd_ret,100,lgbm,PANEL_4X4,5
signed_flow_20_lag1,27405799.004882812,fwd_ret,100,lgbm,PANEL_4X4,5
signed_flow_20_lag5,26109696.302734375,fwd_ret,100,lgbm,PANEL_4X4,5
fam_mean_ret_10_lag5,12142572.677246094,fwd_ret,100,lgbm,PANEL_4X4,5
fam_mean_ret_10_lag20,11188353.904296875,fwd_ret,100,lgbm,PANEL_4X4,5
ret_10_lag50,8663710.686035156,fwd_ret,100,lgbm,PANEL_4X4,5
ret_10_lag1,5950583.913574219,fwd_ret,100,lgbm,PANEL_4X4,5
ret_10_lag20,3348818.8115234375,fwd_ret,100,lgbm,PANEL_4X4,5
ret_10_lag5,2357595.6318359375,fwd_ret,100,lgbm,PANEL_4X4,5
fam_mean_obi_l1_lag5,1386372.79296875,fwd_ret,100,lgbm,PANEL_4X4,5
fam_mean_microprice_dev_lag5,995127.9404296875,fwd_ret,100,lgbm,PANEL_4X4,5
fam_mean_microprice_dev_lag20,691525.287109375,fwd_ret,100,lgbm,PANEL_4X4,5
ret_1_lag1,558166.30078125,fwd_ret,100,lgbm,PANEL_4X4,5
fam_mean_obi_l1_lag20,412551.0,fwd_ret,100,lgbm,PANEL_4X4,5
ret_1_lag5,293134.6025390625,fwd_ret,100,lgbm,PANEL_4X4,5
ret_1_lag50,290820.701171875,fwd_ret,100,lgbm,PANEL_4X4,5
ret_1_lag20,255529.61865234375,fwd_ret,100,lgbm,PANEL_4X4,5
microprice_dev_lag50,81359.498046875,fwd_ret,100,lgbm,PANEL_4X4,5
obi_l1_lag20,69127.90234375,fwd_ret,100,lgbm,PANEL_4X4,5
obi_l1_lag1,68088.701171875,fwd_ret,100,lgbm,PANEL_4X4,5
microprice_dev_lag1,49814.12939453125,fwd_ret,100,lgbm,PANEL_4X4,5
obi_l1_lag5,40060.8984375,fwd_ret,100,lgbm,PANEL_4X4,5
obi_l3_lag5,33158.0,fwd_ret,100,lgbm,PANEL_4X4,5
obi_l1_lag50,7602.3701171875,fwd_ret,100,lgbm,PANEL_4X4,5
microprice_dev_lag20,0.0,fwd_ret,100,lgbm,PANEL_4X4,5
obi_l3_lag1,0.0,fwd_ret,100,lgbm,PANEL_4X4,5
obi_l3_lag20,0.0,fwd_ret,100,lgbm,PANEL_4X4,5
obi_l3_lag50,0.0,fwd_ret,100,lgbm,PANEL_4X4,5
microprice_dev_lag5,0.0,fwd_ret,100,lgbm,PANEL_4X4,5
